項目：総合季節調整済指数【月次】付加価値額生産（2020＝100.0）,,,,,,,,,,,,,,,,,,,,,,,,,,,,,,,,,,,,,,,,,,,,,,,,,,,,,,,,,,,,,,,,,,,,,,,,,,,,,,,,,,,,,,,,,,,,
,,時系列コード,2018000101,2018000202,2018000303,2018000404,2018000505,2018000606,2018000707,2018000808,2018000909,2018001010,2018001111,2018001212,2019000101,2019000202,2019000303,2019000404,2019000505,2019000606,2019000707,2019000808,2019000909,2019001010,2019001111,2019001212,2020000101,2020000202,2020000303,2020000404,2020000505,2020000606,2020000707,2020000808,2020000909,2020001010,2020001111,2020001212,2021000101,2021000202,2021000303,2021000404,2021000505,2021000606,2021000707,2021000808,2021000909,2021001010,2021001111,2021001212,2022000101,2022000202,2022000303,2022000404,2022000505,2022000606,2022000707,2022000808,2022000909,2022001010,2022001111,2022001212,2023000101,2023000202,2023000303,2023000404,2023000505,2023000606,2023000707,2023000808,2023000909,2023001010,2023001111,2023001212,2024000101,2024000202,2024000303,2024000404,2024000505,2024000606,2024000707,2024000808,2024000909,2024001010,2024001111,2024001212,2025000101,2025000202,2025000303,2025000404,2025000505,2025000606
品目番号,品目名称,付加生産ウエイト,201801,201802,201803,201804,201805,201806,201807,201808,201809,201810,201811,201812,201901,201902,201903,201904,201905,201906,201907,201908,201909,201910,201911,201912,202001,202002,202003,202004,202005,202006,202007,202008,202009,202010,202011,202012,202101,202102,202103,202104,202105,202106,202107,202108,202109,202110,202111,202112,202201,202202,202203,202204,202205,202206,202207,202208,202209,202210,202211,202212,202301,202302,202303,202304,202305,202306,202307,202308,202309,202310,202311,202312,202401,202402,202403,202404,202405,202406,202407,202408,202409,202410,202411,202412,202501,202502,202503,202504,202505,p 202506
1000000000,鉱工業,10000,112.3,114.6,116.3,114.5,115.1,114.3,113.8,114.5,113.2,116.1,115.1,115.2,112.5,114.3,113.4,112.9,114.8,112.8,113,111.5,113.4,107.9,107.8,108.2,108.8,105.8,105.8,95.2,87.6,89.4,95.3,97.2,100.5,103.6,103.7,103.2,106.4,105.9,106.5,108.8,104.8,109,107.4,103.8,98.8,101.4,107,105.4,104.6,106,105.7,105.3,100.7,105.7,106.3,107.8,107.3,105.5,105.5,104.9,101.1,104.5,104.9,105.2,104.1,105,103.5,103.1,103.2,104.4,103.8,105,97.7,98,101.4,100.8,101.9,100.7,102.5,100.5,101.2,103,101.3,101,99.9,102.2,102.4,101.3,101.2,102.9
1100000000,製造工業,9983.5,112.4,114.6,116.3,114.9,114.8,114.6,113.7,114.5,112.5,116.4,115.2,115.5,112.6,114.3,113.5,113.2,113.9,113.3,112.9,111.5,112.5,108.1,107.9,108.7,108.9,105.9,105.8,95.7,86.7,89.7,95,97.2,99.4,104.3,103.7,103.6,106.7,106.1,106.7,109.4,103.3,109.5,107,103.7,97.9,102.2,107,105.8,105.1,106.1,105.7,106,98.9,106.1,106.1,107.6,106.5,106.1,105.6,105.5,101.2,104.7,104.9,105.3,104.1,105,103.6,103.1,103.2,104.4,103.9,105,98.1,98.3,101.4,100.8,101.4,100.4,102.5,100.9,101.2,103,101.1,100.9,100.3,102.3,102.5,101.2,100.8,102.7
1101000000,鉄鋼・非鉄金属工業,596.5,122.4,124.3,124.3,124.9,125.2,124.1,120.3,123.5,120.2,122.3,122.8,123.4,120,119.7,119.2,118.2,119.6,118.8,118,114.7,115.3,110.7,111.5,112.1,114.4,113.5,108.8,92.8,80.7,79.5,88.1,95.2,100.5,105.6,107.7,109.6,113.7,113,114,114.3,112.3,115.1,115.2,113.2,109.4,106.9,112.3,113.5,111,110.1,109.9,109.4,107.8,106.7,104.6,107.5,107.3,106.1,106.7,105.4,104.4,105.5,104.8,105.1,105.8,105.5,105.2,104.4,104.3,103.8,102.8,103.3,102.4,102.7,101.1,101,104.4,101.3,101.9,100,100.4,100.9,100.5,100.9,103.4,101.8,100.9,98.8,100.7,100.2
1101100000,鉄鋼業,341.7,128.8,129.4,129.5,130,130.3,129.8,125,128.5,124.1,127.5,128.4,127.6,123.7,123.6,126,125.1,123.5,124.3,123.8,119.5,119.4,116.1,114.9,114.2,117.6,115.2,111.1,93.8,79.4,76.6,85.9,93.7,98.5,105.6,107.9,111.6,115.3,115.3,117.5,117.8,116.1,118.6,120.2,117.4,116.6,112.5,116.4,117.4,112.7,112.1,111.4,109.9,109.4,105.8,106.3,108.2,108.7,107.6,107.5,104.9,103,105.9,106.2,105.6,107.6,107.4,108.1,106.7,106.9,106.3,105.1,105.4,103.6,102.9,100.6,101.9,102.5,101.6,103.4,99.4,100.8,100.6,99.5,101.3,101.1,100.5,99.8,100.2,100.1,100.3
1101101000,鉄鋼粗製品,84.2,128.1,127.4,126.8,126,127.4,125.8,122.2,127.2,123.5,122,126.1,121.8,114.9,118.3,125.8,126.5,121.1,126.3,124.2,118.1,118.8,116.6,112.2,113.4,117.7,116.9,110.7,96.3,81.6,81.4,88.4,93,95.3,101.9,104.7,109.7,112,114.3,115.9,114.6,115.7,117.1,117.3,115.3,119.8,115.7,116,115.3,109.5,110.8,110.3,109,110.7,107.6,106.2,107.2,104.3,103,103.3,99.4,103.1,105,103.8,105.1,104.9,105.5,106.4,104.1,102.9,106.1,102.8,101.5,103.3,102.1,99.3,102.2,98.8,100.4,102.4,99.7,97.9,99,99.9,101.2,96.7,96.8,99.6,95.6,94.1,96.1
1101102000,熱間圧延鋼材,108.7,129.4,129.5,130,130.5,130,130.8,123.9,127.6,125.4,126.5,126.6,128.1,125.2,121.8,126.4,126.6,122.1,125.5,123.7,118.7,118,117.2,115.1,112.8,115.1,114.9,110.1,97,82.8,79.9,85.8,94.2,97.6,103.5,106.5,109.6,112.1,114.1,117.5,116.5,116.8,118.1,120.4,116.6,120.5,114.5,115.9,115.5,111.6,112.3,112.1,111.8,114.3,106.6,106,107.3,106.3,107,106.6,102.4,104.6,104.3,106.1,104.6,108.1,107.2,108.9,104,106.4,104.2,103.3,102.7,106.7,103.3,101.8,101.3,101.4,100.7,104.6,99.1,100.6,98.8,99,103.8,101.2,98.9,98.7,100.7,96,97.7
1101103000,冷間仕上鋼材,42.3,129.3,129.2,130.6,133.5,132.5,132.3,130,129.1,123,131.7,130.5,130.8,125.1,126.7,126.7,123.1,124,123.1,128.5,119.6,119,116.9,118.2,117.1,118.5,117.7,116.3,94.5,79,69.9,79.9,88.7,94.4,109.2,112.3,114.8,119.1,120.9,120.9,124.1,119.2,124.8,127.6,123.5,117.4,115.5,118.8,118.1,114.1,111.5,111,108.3,107.7,101.4,105.3,105.3,107.9,108.8,106,104.1,98,104.3,102.9,97.4,103.2,101.9,109.4,104.3,101.9,103.2,102.3,102,101.4,101.1,97.8,99.6,99.2,101.6,100.9,99.3,100.3,100.2,98,95.9,99.5,100.3,97.2,101.9,102.3,102.9
1101104000,鋼管,14.5,132.8,135.4,136.9,138.1,141,142.9,136.6,139,125.1,133.7,142.6,130.1,131.2,136.6,132.8,127.3,127.3,130.3,132.4,129.8,132.1,115,125.4,123.8,123.3,106.9,118.7,107.9,99.3,94.4,85.9,92.1,89.8,91.1,91.5,94,97.6,96.8,102.3,103.3,103.7,104.3,104.4,102.9,105.5,106.6,103.2,104.1,102.2,103.4,101.1,102.7,102.7,103.5,103.1,103.1,100.6,98.8,101.7,97.8,89.2,93.5,93.9,95.2,96.1,103.2,96.4,103.2,95.8,94.4,94.7,96.2,93,94.7,88.6,90.4,92.6,91,98.1,86.8,89.6,94.6,87.5,88.7,90.2,89.3,89.1,89.3,88.3,90.6
1101105000,めっき鋼材,29,131.4,131,132.9,137.5,136.7,136,131.8,129.1,119.4,136.7,131.6,133.4,127.8,125.8,128.2,125.2,125.5,125.5,125.9,122.2,120.9,117.2,119.6,115.5,117.9,119.9,116.9,95.8,80.2,72.6,78.3,90.4,89.5,110.6,109.8,113.6,117.7,118.2,119.6,124.7,120.5,123.7,122.2,121.6,117.3,109.6,116.4,117.9,108.4,104.6,103.7,98.4,99,95.3,97.8,100.4,102.6,110.3,103.9,104.2,100.1,106.2,105.6,104.7,105.8,106.5,106.6,102.2,103,105.3,105.6,103,99.9,100.5,99.5,101,101,99.8,98.2,98,102.2,99.5,97.2,98.7,98.6,98.1,93.7,101.2,100.9,102.3
1101106000,鋳鍛造品,63,121.6,127,128.6,127.7,129.1,128.6,126.5,129.6,124.5,128.1,127.8,128.6,122.2,124.8,123.8,122.9,128.1,122.5,122.5,118.7,116.4,113.6,110.9,110.3,112.5,110.7,106.4,82.7,65,70.5,93.1,99.6,108.8,113.9,113.9,114.5,119.1,117,121,122.8,115.1,124.6,125.8,119.1,102.4,107.1,118.6,120.2,117.4,118,118.7,118,108.2,116.1,115.6,119.5,117.5,116.3,117.3,114,106.3,113.9,115.1,116.5,116.3,119.4,118.1,119.7,116.4,117.6,114.1,115.9,107.3,107.1,106.6,105.7,115.9,108.4,110.4,102,104.7,107.9,103.7,104.4,115.3,112.1,110.1,105.7,118.3,110.8
1101200000,非鉄金属工業,254.8,111.9,116.4,117.9,118.9,117.6,116.9,114.6,117.7,115.2,117.1,115.6,116.2,112.7,112.8,110.7,109.8,113.8,111.9,111.6,109.4,110.1,105.6,106.5,107.8,108,108.9,106.2,92.1,82.3,83.3,92.1,98.8,103.2,107.7,107.1,105.3,109.4,107.1,109.8,110.7,106.4,110.1,110.7,108.6,100.4,101.7,106.6,106.8,106.3,104.7,108.5,110.2,104.8,107.4,104.7,107.7,106.1,106.1,105.4,104.8,101.9,104.5,103.1,105,103.8,104.4,103.1,101.7,101.2,101,98.6,100.7,98.6,101.9,100.6,99.3,107.8,101.1,102.4,100.1,99.9,101.8,101.7,100.8,104.7,103.1,101.4,96.5,102.1,100.1
1101201000,非鉄金属精錬・精製品,83.4,102.5,104.3,107.5,109.7,109.3,104.4,105.7,104.8,107.8,106.8,103.4,106.3,106.7,96.2,94.4,95.8,103.6,100.1,98,98,98.3,97.7,99.2,102.8,103.2,104.8,103.8,90.6,92.4,93.9,96.5,100.3,102.8,102.5,105.6,100.6,103.3,94,99.6,98.9,98,99.3,100.8,98.8,98.5,97.9,97.3,97.8,97.1,85.6,101.2,107.6,103.4,103.8,98.9,104,102.1,103.5,105.7,103.4,101.2,99.4,95.9,98.9,96.9,99.4,97.3,91.7,92.1,89.9,88.1,88.5,95.3,101,100.5,98.5,100.2,98.6,98.6,98.2,93,97.2,97.3,96.7,97.4,93.7,92.8,84.8,81.3,83.4
1101202000,非鉄金属圧延製品,65.5,119.2,121.3,121,120.3,122.2,120.2,120,119.2,118.3,121.5,121.4,119.9,116.9,117.5,114.9,113.1,112.5,112.3,117.1,110.6,112,108.3,108.3,109.1,107.9,105.2,104.6,104.4,91.1,86.5,88.7,90.2,98.4,107.1,105.8,106.3,111.7,111.9,114,115.2,114.2,115.4,114.3,113.8,115.7,114.2,115.2,113.8,113.2,113.6,114.1,112.7,109.8,110.3,109.4,108.2,106.8,107,106.4,104.7,99.6,102,100.9,98.8,97.4,97,98.5,98.3,98.1,98.9,97.7,98.9,95.8,97.8,93.7,95.3,99.3,97.2,100.2,93.8,96.9,97.9,97.6,96.8,98.9,96,95.6,98.3,99,98.5
1101203000,電線・ケーブル,36.4,102.2,106.7,108.1,110.3,105.4,108.8,107.7,115.5,104.8,106.2,109.5,108.6,101,108.5,104.9,102.8,110.5,106.8,111.7,107.3,107.6,98.4,103.4,103.5,101.8,101.9,101.8,99.6,84.7,88.7,94.6,97.3,103.4,109,106,105.5,109.3,108,111.5,111.3,105.5,107.6,119.5,116.5,110.8,110.6,114.2,108.6,112.1,112.3,112.5,111.6,109.8,112.3,108.9,110.7,111.6,113.3,111.1,113.5,106.8,105.9,101.7,117.4,111.7,106.6,104.8,97.3,100.9,98.4,96.1,101.3,98.6,104.1,104.8,103.9,113.9,100,106.8,108.6,111.5,109.9,112.6,110.4,112.1,120.3,115.8,111.8,127.3,124.9
1101204000,非鉄金属鋳物,69.5,122.6,129.3,130.2,130.5,133.6,130.6,127.1,132.2,125,130.5,129.8,131.1,124.1,127.7,126.7,124.3,133.8,125.1,125.8,121.2,122.5,116.7,118.3,117,119.7,117.5,111.4,76.5,57.3,62.9,92,100.6,107.9,114.7,115.1,113.2,116.6,113,116.4,117.3,110.1,116.8,116.5,108.5,83.7,91,110.7,113.9,109.9,109.4,109.3,107.6,98,104,105.8,107.1,107.4,105.8,107.2,105.2,98.4,110,112.3,114,113.4,114.8,114.4,116.9,115.6,117.5,118.2,119,100.8,104.4,102.8,105.5,111.3,106.8,109.4,101.7,105.1,110.9,109.7,110,110,110.1,107.3,104.1,108.7,107.7
1102000000,金属製品工業,452.5,109.9,111.6,114.3,115.6,117.8,112.4,112.2,113.8,114.6,117.3,118.7,116.3,114.3,116.7,113.1,114,114.6,112.5,114.2,112,111.8,110.3,108.5,111.5,107.3,106.2,104.3,97.9,89.1,89.5,95.2,97,100,105.1,102,102,105.6,104.7,106.6,105.4,105.2,106.3,103.6,102.3,99,100.2,101.6,101.7,102.1,101.1,102,103.9,100.2,104.3,103.6,104.6,104.7,103.8,104.1,103.4,98.2,101.7,100.2,100.9,99.6,99.8,97.5,98.3,98.8,99.8,97.6,100,93.4,93.6,92.2,96.5,97.8,94.5,99.4,93.5,93.5,99.3,94.5,95,95.9,95.5,94.9,91.3,93.8,95.2
1102001000,建設用金属製品,58.1,103.9,95.6,106,109.3,108.1,98.5,105.1,96.7,124.5,104.7,128.9,109.2,105.8,113,99.5,109.9,103.9,107.9,108.6,128,103.6,109.6,107.5,134.3,100.8,112.8,103.5,104.3,104.1,101.9,99.5,95.4,91.7,100.1,89.8,89.8,94.3,94.3,95.7,86.8,106.3,92.8,90.6,90.3,97.9,91.2,91.3,99.5,95.4,85.1,74.9,89.4,92.4,91.1,97,112.3,92.6,89.6,98.1,91,92.3,98.9,93.5,94.8,95,109.7,92.8,99.4,92.6,101.5,100.3,99.1,90.2,86,87.1,116.7,91.6,86.9,112,92.6,83.8,104.4,84.4,86.4,74.6,89.9,93,79.6,79.1,99
1102002000,建築用金属製品,71.2,107.7,111.6,112,112.4,116.7,111.2,111.2,110.8,110.5,115.2,118.1,118.8,115.1,123.1,116.4,114.4,116.1,114.1,115.8,110.4,111.2,107.9,108.3,106.9,104.3,101.7,102.8,100.1,94.1,96.2,98,98.6,99.3,104.5,97.9,97.5,101.4,99.8,102,101.1,101.8,102.9,99.8,102.5,103.1,104.5,102.1,102.6,101.8,102.6,101.7,106.3,102.5,103.8,102.4,101.3,100.1,99.3,101.2,101.2,98.5,99.6,98.3,98.3,96.6,94.6,94.6,94.9,94.6,91.4,89.4,92.6,88.4,89.4,90.2,89.5,94.6,89.7,92.3,86.2,88.9,89.3,89.3,88.8,90.7,88.3,90.6,93.1,93.1,88.6
1102003000,暖房・調理等装置,47.2,106.9,110,116.5,114.4,117.6,108,110.9,113.7,103.9,110.7,110.7,107.1,102,105,101.3,103.2,104.7,100.4,105.9,100.1,105.2,101.9,108.1,107.3,103.9,96.4,93.9,93.4,94,94.9,97.4,98.6,106.9,107.5,101.3,104.6,108.5,108.1,112.5,104.5,104.5,103.9,97.4,99.7,84.8,88.3,79.6,80.5,85.6,88.6,113.7,122.7,121.1,132,122.8,125.9,123.4,119.8,120.4,119.7,112.1,116.2,112.4,108.6,89.2,84.9,85.3,84.2,84.9,80,84.8,92.2,87.6,89.8,90,90.4,90.5,87.1,87.8,87.9,88.7,91,94.1,95.2,96.5,86.9,93.9,90,89.1,91
1102004000,粉末冶金製品,48.7,119.3,124.5,125.5,127.2,130.3,126,127.4,129.5,129.1,130.3,131.3,132.8,127.5,129.9,126.5,125.2,126.5,123.5,121.7,122.9,118.5,116.1,115.5,112.7,114.4,111,110,93.4,77.5,73.9,86.1,94,97.8,108.8,111.3,116.3,118.1,117.1,121.5,120.2,116.5,119.1,119.8,115.3,110.9,113.1,116.4,116.4,116.6,120.5,115,112.7,108.3,111.1,108.5,108,110,108.8,106.3,103.5,95.2,97.7,95.8,99.3,98.7,99.4,99.4,101.8,100.5,100.8,98.5,98.2,95.1,95.5,94.1,96,99.3,98.5,97.8,95.9,95.4,94.2,91.9,92.8,101.8,94.1,96.5,90.5,95,95.4
1102005000,金属線製品,23.1,116.1,122.1,122.6,126.2,120.7,115.3,118.9,125.2,119.8,124.6,124.4,127.6,118.3,123.8,123.6,124.8,125.9,123.8,127,120.2,125.4,120.3,116.7,115.2,113.8,111.5,112.3,108.3,85.2,80.1,91.7,91.6,96.7,99.1,103.3,102.6,105.3,106.1,106.8,110.2,110.4,111,109,111.7,109.9,109.9,109,110.4,109.4,111.1,112.8,106.8,101.9,105.3,103.7,103.2,104.1,104.1,104.4,103.3,101.7,102.8,100.7,103.3,96.6,100.4,100,98.8,97.4,94.6,95.6,95.9,85.9,93.4,93.9,92.4,92.4,92.2,93.7,86.6,90,88.7,88.8,88.5,89,89.5,94.2,87.2,85.8,89
1102006000,缶類,125.6,106,109.5,108.1,110.2,113.3,108.2,105.4,111.1,107.9,114.2,110.7,110.1,111.7,109.6,109.9,110.7,107.8,107.7,108.1,101.6,110.3,107.7,103.8,104.3,103.4,104.4,103.1,102,93.1,93.8,98.1,99.5,99.9,98.6,100.9,101.2,103.3,102.9,104.6,105.7,104.1,105,102.8,103.1,102.6,102,104.3,99.2,103.4,101.5,102.1,99.8,99.3,100.8,98.6,95,102.9,99.5,98.4,100.2,95.6,94.2,96.6,97.7,101.9,96.2,95.1,95.3,97.5,99.2,92.6,97.8,91.3,94,92.6,92,92.4,93.7,93.9,92.4,92.3,98.2,94.1,93.2,94,95.9,93.6,91.1,90.5,91.6
1102007000,その他の金属製品,78.6,114.1,117.1,120.6,123.8,132.1,123.7,118.3,121.2,117.7,123.8,120.9,121.3,118.5,120.8,120.3,120.3,137.5,120,122.8,118.1,117.2,111.7,110.1,111,112.1,107.3,106.1,89.3,79,78.5,90.6,96,105,111.8,108.8,104.9,107.4,106.6,108.3,114,113,116.3,110.8,102.7,88.2,91.7,104,106.9,100.6,100.6,105.3,103.7,99.4,101.9,104.7,107.2,106,105.9,105.3,107.2,101.1,111.1,111.2,114.2,111.8,113.7,111.9,113.6,114.3,117,113,115.3,106.5,104.9,105.7,107.9,119.2,110.3,110.6,107.5,107.4,111.8,108.6,108.2,114.4,114.7,111,106.9,116.3,110.1
1103000000,生産用機械工業,746.1,120.8,122.5,126.7,127.5,125.5,120,119.9,127,124.4,121.9,122.7,118.2,110.6,115.8,113.8,111.7,122.8,112.3,112.9,111.2,117.6,109.3,99.5,113.4,110.5,102.6,99.1,99.9,96.2,99.2,95.5,88.6,95.8,100.1,103.6,107.5,113.5,118,116.5,122.5,118,124.3,124.1,121.2,119.5,125.9,130.2,127,127.8,126.2,129.2,127.9,123.8,132.8,138.9,148.5,146.5,139.1,135,135.5,112.5,125.6,128,122,124.5,125.4,119.2,118.2,115.7,115.5,117.5,121.4,116.8,112,123.6,129.4,119.8,110.7,115.8,116.1,108.6,129.2,119.1,120.9,108.6,117.6,125.9,114.9,121.6,122.2
1103001000,農業用機械,41.4,109.9,120.3,118.1,113.3,115.6,112.3,97.2,115.2,113.8,120.7,122.6,124.4,120.5,121.4,119.3,121.8,122.1,117.7,120.8,119.1,119.7,103.3,103.5,108.7,111.7,107.4,108.6,84.8,73.9,93.6,93,99.5,99.2,104.8,110.2,110.9,119.1,120.7,108.9,117.8,119.5,116.2,120.2,112.4,122,121.7,134.6,123.8,119.4,119.8,128.7,92.5,88.7,114.1,118.5,121.6,123.3,128.3,125.9,112.3,86.5,92.5,94.3,96.2,96.4,100.2,98.1,96.1,95.8,92,90,89.8,84.5,86.1,79.5,76.9,78.7,68.3,67.8,61.9,63.8,63.2,64.2,68.2,63.9,63.5,65.9,71.3,72.8,74.2
1103002000,建設・鉱山機械,102.9,102.5,105,108.3,108.2,109.4,108.5,104.5,114.3,107.6,113.3,120.3,122.4,113.8,117.3,121.3,122.6,127.7,124.9,126.5,121.8,128,91.3,63.2,86.4,114.4,106,110.3,90.9,79.7,90.6,90,91,103.9,104.9,104,106,112.8,113.9,108,125.5,125.1,127.6,124.9,123.3,122,121.2,123,124.4,127.7,127,125,117.9,103.2,120.3,129.7,131.1,132.2,134.3,138.2,137.8,118.1,131.6,131.7,136.4,133.8,137.2,135.4,141.5,135.9,129.1,130.6,132.5,124,120.6,123.6,120.1,125.9,116.9,108.4,104,103.1,102.6,95.1,93.2,97.7,101.3,102.5,102.4,108.3,107.3
1103003000,生活関連産業用機械,50.7,126,128.2,115.4,135.8,134.9,120.2,121.7,125.9,116.2,118.1,178.5,131.7,110.7,107.2,129.2,123.7,128.6,119.1,112.6,115,133.4,118.6,106,109.6,111.5,114.4,105,93.8,93.2,105.4,83.9,89.7,95.7,96.4,104.8,98.8,108.4,94.7,96.3,95.2,85.3,114.3,105.5,97.2,89.2,97.6,89.5,95.2,90.4,92.1,94.3,100.1,92.5,90,99.4,96.9,93.6,85,94.4,86.1,92.5,97,100.5,89.6,89.5,92,104.5,95,87.4,104.6,110.2,101.1,87.2,93.3,99.7,107.7,97.9,93.4,88.4,93.5,90.7,93.9,87.8,91.6,96.1,100.6,94.4,84.4,95.4,93.4
1103004000,基礎素材産業用機械,49.5,126.6,129.8,127.3,131.2,124.2,125.8,110,116,127,129.4,128,126.3,124.2,124.3,117.1,126,141,121.5,107.6,132.1,162.6,120.5,123,122.7,113.2,96.6,103,92,96.5,105.7,92.8,90.1,105,103.3,92,108.8,111.5,114.8,136.1,113.1,105.6,110,112.2,109,102.2,103,113.9,99.6,100.4,108.9,100.4,126.8,104.9,106.6,141,125.3,113.4,124,121.1,122.2,108.9,103.4,106.7,108.1,134.1,101.2,87.5,103.6,99.4,104.8,103.9,103.1,109.5,106.1,101,104.8,102.9,103.9,98.3,102.6,114,109.1,92.6,101.5,103.6,102.7,105.9,100,103.9,121
1103005000,金属加工機械,78,176,196.6,188.7,185.8,175.8,187.5,181.1,177.2,166.9,174.2,176.5,166.5,167.8,173.6,162.8,159.7,183.3,151.9,149.3,144.6,148,138.4,136.5,134.5,123.8,107,103.4,89.7,90.3,87.5,97.5,94.8,102.3,93.4,102,101.5,93.3,107.2,119,125.2,122.5,125.1,118.2,116.6,116.4,120.9,118,124.3,131.2,133.5,129.7,142.2,138.5,139.1,139.6,150.8,142.3,150.1,148.8,141.8,143.9,149.9,130.3,147.5,141.5,144.5,144.7,135.8,135.8,136.7,135.4,138.1,122.7,114.5,101.8,109.2,116.1,111,113.1,114.5,112.6,126.1,118.5,117.2,127.4,121.2,108.1,115.3,113,108.2
1103006000,半導体・フラットパネルディスプレイ製造装置,237.9,115.7,103.4,119.4,122.9,113,104,109.4,135.8,115.6,99.6,103.8,91.8,88.1,101.7,94.6,84.2,100.7,94.8,96.3,95.8,101.7,106.6,96.7,112.6,107.7,97.5,85.6,107.3,102.7,106.1,103.6,84.9,92.4,100.6,109.8,110.1,121.7,132.3,110,133.5,117.4,131.2,132.9,136.1,134.7,137.2,162.1,141.3,135.5,133.9,142.9,134.4,141,155.2,155.3,191.9,201.8,160.4,152.4,151,105.5,135.2,148.7,122.9,129.2,138.9,123.2,123.2,130.1,119.8,127.3,135.5,144.7,128.8,160.6,196.2,151.7,128.3,151.8,155.2,125.1,192.6,169.2,167.9,122.3,149.5,165.8,153.3,150.2,158.1
1103007000,機械工具,38.6,114.6,121.4,119.4,116.2,114.8,111.4,118.4,123,117.8,120,118.7,116.9,113.1,113,115,114.8,118.7,114.5,115.7,106.6,113.8,114.5,110,110.4,109,103.8,99.8,97.7,96,95.7,93.3,95.8,96.5,98.5,104.5,106.3,112.6,114.1,117.1,118.6,121.4,120.5,122.1,122.1,128,126,126.1,124.8,119.5,128.4,123.2,125.5,116.7,116,118.1,115.4,105.2,99.7,93.9,88.8,87.8,89.6,85.2,88,87.6,107.3,99.6,101.9,96.3,96,95.9,103.4,98.3,99.5,107.6,102.7,112.3,108.8,111,103,105.9,110.7,108,107.3,102.5,101.4,104,105.9,108.4,107.4
1103008000,その他の生産用機械,147.1,118.7,123.5,121.5,122,125,119.4,123,118.1,135.4,129.3,116,119.5,110.1,106.7,100.9,105.3,107.6,101.7,106.3,114.9,105.9,103.2,104.4,116.2,106.2,101.7,103.5,108.6,96.6,98.6,91,91.3,96.9,93.6,104.7,105.8,110.1,113.9,130,113.3,116.7,121,123.5,122.3,123.3,128.8,123.7,124.3,134,128.4,129.5,132.7,125.9,132.5,139.1,139,136.1,139.6,139.6,139,129.1,127.5,120.9,121.6,130.9,117,114.5,113.8,95.2,104.2,107.4,102.7,87.2,97.4,94.1,92.7,94.8,94.9,98.6,94.9,98.8,101.1,98.6,98.2,103.1,107.5,112.2,100.5,123.3,105
1104000000,汎用・業務用機械工業,705.8,122.4,120.3,123,117.7,119.4,119.9,125,120.8,121.1,130,119.5,117.7,116.1,116.7,117.4,113.8,112.9,113.4,113.1,112.6,127,104.6,108.2,113.7,109.7,105,109.2,100,87.4,89.9,90.6,94.2,93.3,102.7,109.7,102.2,106.5,109.2,105.2,116.2,110.9,113.3,110.5,111.8,113.6,108.3,115.1,113.5,112.3,114,114.7,115.6,112.9,111.9,120.5,119.4,116.3,121.1,115.3,111.1,112.8,113.5,108.7,112.9,111.9,113.1,109.8,109.3,110.9,113.1,109.7,116.7,104.8,103.8,105.4,102.9,105.5,100.7,102,101.7,102.3,101.1,105.9,106.1,106,106.3,100.6,103.6,108.2,109.7
1104100000,汎用機械工業,560.2,125.3,121.3,123.2,118.7,119,121.8,128.5,121,122.8,134.3,119.6,118.1,116.3,116.1,118.7,112.8,112.2,114.8,112,111.6,129.5,104.4,107.2,112.6,106.6,104.2,110.6,98,86.2,89.3,89.1,94.1,93.1,105,113,103.1,106.8,110.2,105.5,117.7,111.6,114.7,111.7,113.1,115.2,110,118.1,115.3,113.2,116.1,115.1,116.9,113.7,111.7,122.5,121.3,115.8,124.7,113.7,108.5,111.4,111.4,107.4,113.1,111.2,111,109.2,108.3,109.7,112.4,108.4,115,103.2,101.8,106.4,101.5,104.7,99.2,98.4,99,100.2,97.1,102.9,102.4,100.7,102.4,97.8,101.4,105.8,108.6
1104101000,ボイラ・原動機,88.9,211.8,138.1,152,125.3,116,137.1,215.8,133.3,135.9,185.7,120.5,135,154.8,117.3,136.7,121,111.1,128,116,111.1,115.9,90.6,98.2,127.1,91.3,112.3,110.3,88.9,78.2,99.5,85.8,96.3,64.5,96.9,157,109.9,102.8,104.8,79.5,145.8,110.8,110.1,106.7,111.9,122.3,107.7,131.5,95.7,118,123.6,82.7,128.4,148.4,110.4,146.7,124.5,122.2,119.5,112.3,105,102.4,116.2,106.9,108.9,100.6,116.7,100.3,111.4,109,137.9,102.8,127.2,97.3,104.6,98.1,99.2,103.8,86.5,91.3,98.2,83.6,89.3,94.1,91.4,90.1,87.1,79.1,86.9,87,103.5
1104102000,ポンプ・圧縮機器,164,111.1,110.1,112.4,111.8,118.6,118.7,118.3,119.9,113.4,120,119.1,110.7,110.5,114.4,108.4,111,108.7,108.5,107.9,106.5,105.4,105.2,105.8,103.2,109.7,99.5,102.4,102.6,97.3,91.4,94.5,93.7,100.2,98.3,100,106,112.4,109,111.3,114.7,118.8,121.6,121.3,122.5,117.5,120.5,119.9,120.3,118.1,119.9,117.3,119,114.1,119.2,122.8,124.7,125.8,127.7,126.6,124.7,119.9,119.3,119.2,118.7,116.4,120.4,114.6,113.2,114.8,108.9,110.4,111.9,101.9,103.6,106.9,106.2,107.1,103.2,103.9,104.4,105.7,107.1,108.5,110.7,106.4,110.9,110.2,107,119.5,115
1104103000,運搬装置,91.8,108.8,116.7,104.5,113.9,112.1,108.7,98,103.4,119.2,139.2,107.9,107.9,101.7,101.5,102.7,97.2,107.9,105.7,114.8,109.3,192,105.2,96.2,117.6,110.3,92.6,112.7,107.9,94.4,98.1,91.2,90.9,86.9,125,101.6,84,89.4,104,91.7,95.3,99.4,99.7,90.2,93.4,100.4,86.8,105.4,121.3,104.3,104.1,122.2,96.9,104.5,100.7,118.8,127,87.1,152.3,86.6,81.3,126.4,100.1,71.8,123.2,125.6,101.2,113,99.6,100.6,118.4,106.3,112.3,117.1,92.1,101.9,94.4,93.4,103.2,89.1,91.7,104.7,83.8,99.4,83.6,88.6,95.7,78,103.6,89.2,122.1
1104104000,冷凍機・温湿調整装置,44.5,108.5,118.7,118,118.1,120.2,116.6,110.6,118.1,118.8,120,117.9,119.4,115.3,119.7,120.8,119.2,120.2,117.3,117.1,118.5,117.5,115,117.2,116.2,114.5,108.8,110.8,79,67.5,72.2,90.3,98.3,105.9,117.9,117.6,114.8,119,117.9,118.2,118.2,113.6,113.9,109.8,108.2,104.5,109.3,110.9,115.6,113.5,117.3,116.1,116.7,102.7,106.9,115.5,123.2,117.2,117,113.9,114.2,104.4,107.5,105.1,103.2,108.2,108.8,106.6,108.1,116.2,114.4,115.1,112.6,104.7,110.1,109.6,110.2,118.2,110.4,108.3,113.7,117,111.6,111.5,111.2,109.7,112.5,108.2,111.4,118.6,108.9
1104105000,汎用機械器具部品,171,114.6,124.3,123.4,125.1,125.1,125.2,123.3,125.4,121.7,125.2,122.9,124.2,115.6,120.1,118.5,116.8,119.5,118.2,119.8,116,115.6,110.5,112.3,111.1,110.8,107.2,106.7,99.8,82.2,84.6,90.1,93.9,100.4,105,105.6,107.1,112,113.9,116.1,119.6,113.8,121.5,120.2,117.8,114.6,115.4,115.9,119.2,114.6,114.9,115.8,120.3,110.4,115.2,114.3,115.5,115.2,113.9,113.9,110.6,103,106.7,106,109.1,108.4,109.2,110.1,110.4,109.3,108.3,108,110.9,97.1,100,99.9,98.9,104.1,100.7,101.1,98.1,101.4,103.8,103.1,102.7,102.6,101.3,99.9,99.2,105.6,101.9
1104200000,業務用機械工業,145.6,109.5,115.8,123.6,111.6,118.2,115.3,111.4,116.8,117.5,116.6,116.9,116.5,113.1,116.1,115.5,115.4,117.2,112.9,116.1,116.6,119.1,111.1,112.5,114.8,118.8,108,105.5,103.9,93.6,93.1,96.6,95.6,93.3,98.8,97.8,94.6,104.1,104,103.8,106.8,110.1,109.5,107.7,106.4,106.9,108.1,102.7,102.6,104.1,105.6,116.1,107.5,110,114.7,113.8,109.4,117.9,115.8,122,120.4,116.2,121,115.1,110.9,116.2,122,113.2,113.9,115.5,108,115.9,126.8,108.9,110.9,108.8,105.9,106.2,108.7,114.1,112.5,110.9,112.5,116.9,122.2,123.9,120.3,118.9,109.4,115.9,115.5
1104201000,事務用機器,6.4,59.3,70.1,74.5,83.3,81.2,71.9,66.6,72.3,64.7,67.6,61.2,64.2,67.8,76.6,73.2,80.2,91.8,76.3,115,159.1,133.2,157.8,170.8,167.1,165.1,112.4,87.5,76.4,75.7,102.6,90.5,88.8,105.1,97.6,102,95.7,104.7,103.7,116.7,114.1,110.7,110.7,101.9,92.1,87.1,85.9,77.5,68.7,85.7,131.8,148.3,118.4,82,94.8,122.9,139.6,150.9,152.5,153.1,163.5,146.7,160.6,142.7,113.5,118.4,109.1,77.8,102,102.4,98.8,100.9,101.7,102.2,110.2,117.3,130,129.5,130.9,114.5,104.8,120.3,132.7,144.3,146.2,147.2,139.6,145.7,162.7,167.7,124.1
1104202000,サービス用機器,9.7,124.9,126.7,129.4,130.5,132.7,138.8,132.5,129.8,127.1,110.3,106.4,116.3,119,121.2,124.1,135.2,139.8,124.8,123.7,118.3,121.3,116.2,124.6,123.5,121.6,113,112.7,103.7,94.8,76.2,79.6,99.7,90.5,97.6,104.1,97.8,85.9,78.1,63.8,76.3,81.9,81.4,89.2,85.8,89.6,84.8,83.6,80,84.5,94.7,93.5,84.7,95.1,99.7,93.6,93.8,95.3,95.4,95,93.9,83.9,97.2,101.1,107.7,104.4,104.6,95.5,90.4,80.7,81,75.9,71.4,74.8,82.4,81.5,84.3,91,80.3,83,77.1,80.6,83.3,82.2,79.9,73.6,71.3,74.2,72.2,96,102.3
1104203000,計測機器,34.3,112.8,111.6,109.2,107.8,110.2,105.3,106.8,116.7,110.8,111.2,113.2,110.5,110.6,114,110.7,115.1,114,112.5,97.8,112,119.1,108.4,98.6,95.1,101.6,100.1,102.5,101.9,103.9,100.8,98.9,94.9,93.5,99.7,99.4,101.3,105.6,104.7,109.5,110.7,110.4,114.6,118.7,119.6,116.7,119.1,114.9,116.9,126.5,117.4,113.2,99.9,112.9,114.5,113.1,112.3,117.1,110.3,116.8,115.5,111.9,112,107.9,105,104.7,99.4,95.3,99.3,95.3,93,93.5,93.5,86.5,90,89.5,90.4,89.2,88.5,91.2,85.1,88.7,96.3,98.1,97.1,104.5,90.6,96.7,96.5,91.8,95.4
1104204000,分析機器・試験機,67.9,95.9,107.2,121.5,101.1,109.3,103.7,99.8,102.9,110,110.8,112.2,112.6,108.1,114.3,110.3,109.4,111.7,110.3,120.1,114.8,116.7,100.5,108.9,117.3,122,107,103.6,113,94.5,93.2,98.9,96.8,91.4,95.1,92.5,90.1,100.7,105,102.1,106.2,113,105.7,101.8,102.6,106.2,109.1,103.4,102.3,100.1,100.6,114.3,113,118.9,122,116.5,110,122.5,119.7,138.9,128.2,127.2,134.8,121.8,119.4,132.3,136.8,134,132.9,136.9,129.9,142.1,161.2,136.8,137.3,130.2,124.4,119.9,122.4,135,144.2,130.1,136,139.4,146.9,152.2,146.2,134.6,123.5,132.7,132.3
1104205000,光学機器・レンズ,27.3,145.4,150.7,151.8,147.6,159,152.9,148.2,162.5,154.1,146.9,147.4,146.9,136.2,132.8,134.1,133.9,134.6,116,128.9,120.7,120.9,121.3,119.9,117.7,118.3,116.5,107.3,94.6,82.5,81.9,92,95.2,99,104.6,107.2,100.1,116.7,111.7,107.3,114.7,115.9,117.3,110.3,110.9,108.9,103.7,105.2,107.2,102.5,103,111.8,107.7,99.6,103.8,110.6,105.8,107.3,108.8,101.3,108.2,102.7,101.9,100.7,99,90.2,121,98.7,99.4,100.1,95.6,98.8,102.4,86.4,76.2,72.2,82.4,93.1,99.2,99.9,92.3,98.6,93.3,94.1,98.4,95.5,102.2,106,91.9,99.6,96
1105000000,電子部品・デバイス工業,585,101.1,102.8,103.5,102.5,106.8,105,105.7,102.1,97.8,108.3,103,102.8,101.1,99.3,99.8,96.9,97.5,96.4,98.8,99.3,99.3,99.4,97.8,99,96.4,97.7,101.3,101,94.6,90.1,95.7,99.2,104.1,103.9,104.9,106.8,112.8,109.1,108.6,113.5,113.4,113.4,114.6,113.1,109.6,108.4,111.9,109.9,112.8,112.5,111.2,107.7,106.6,107.6,105.3,102,101.1,100.3,98.1,97.8,93.1,95.4,90.8,95.1,92.4,97.7,92.8,93.6,93.5,97.5,97,98.6,96.1,95.6,101.3,101.1,101.5,96.5,104.6,105.7,107.3,100.5,98.6,100.1,95.3,104.3,106.5,111.9,95.3,98.1
1105001000,集積回路（ＩＣ）,213.8,88.6,91.5,91.4,94.7,100,103.1,104.2,98.3,96.8,95.4,97,93.5,90.9,93,98.9,96.6,103.9,97.6,97.7,102.5,101.8,99.2,96.4,96.4,94.7,96.5,100.9,93.7,85.5,88.9,90.6,98.2,116.8,108.2,106.8,109.4,113.9,105.9,105.6,109,109.1,109.6,114.2,110.5,110.5,109.7,114,112.2,114.4,116.5,116.5,108.5,107.8,122.2,108.7,105.5,107.2,105.9,105.8,106.2,99.6,105.3,101.1,104.8,102.5,115.2,103.1,109.6,105.2,120,119.2,126.1,119.6,116.6,128.5,128.2,130.6,121.1,137.9,150,143.9,132.4,124.1,131.6,118.6,134.5,148.7,162,112.8,126.2
1105002000,電子デバイス,102.3,126.9,129.6,134.5,129.6,127.4,119.1,117.8,114.7,116.9,145.2,127,125.7,133.8,119.5,118.1,102.9,91.2,109,111.8,110.3,112.7,116,115.3,116.8,97,92.5,106.6,123.5,109.2,89.3,107.8,103.4,93.3,88,91.8,99.7,104.3,109,105.2,119.1,115,116.3,111.9,112.2,106.1,104.7,101.8,99.4,105.7,105.9,110.4,93.3,94.4,97.1,96.1,94.4,97.9,94.4,93.2,84.4,80.2,87.5,76.5,83.2,76.2,75.7,76.9,71.1,72.2,68,68.5,67.5,70.3,63.8,72.8,72.1,73.2,69.1,70.4,66.1,65.3,65.3,62.6,63.8,57.6,63.5,57.9,57.3,56.6,56.6
1105003000,電子部品,135.6,95.1,94.4,98.5,91.7,101.5,100.7,98.8,98.2,89.9,101.5,96.4,94.1,83.9,86.6,86.7,88,85.9,87.1,91.1,90.5,94.9,92.9,93.4,94.8,94.8,97.8,98.8,94.2,89.2,92.8,93.8,99.6,104.5,108.9,110.9,109.1,116.3,117.4,112.6,111.5,114.8,120,113.4,111.5,105.7,101.6,104.8,102.4,100.6,98.5,97.4,101.8,94.7,88,86.8,81.3,79.6,77.2,71.9,76.4,69.3,63.6,65.3,75.6,73.8,83.3,79.5,80,82.6,81.4,81.9,84.5,77.8,80.1,82.3,80.1,78.6,78.3,80.6,76.6,78.6,77.1,78.4,79.3,78.5,82,80.8,77.2,78.6,84.7
1105004000,電子回路,73.5,105.8,106.8,108.1,102.3,106.6,104.5,104.7,102.7,98.9,104.7,105.3,106.4,99.2,99.8,98.1,94.4,102.1,100.9,98.8,96.8,97.5,94.6,94.2,95.6,96.9,100.4,102,99.8,95,93.4,95,93.1,97.8,105.4,107.7,108.6,110.6,111,115.2,117,117.8,123.6,123.1,122.1,125.2,120.1,125,123.9,123.6,118.3,118.8,122.9,121.2,119.8,129,122.6,118.4,117.4,111.8,113,112.3,112.9,108.7,100.9,105.4,106.2,103.8,103.3,102.9,100.2,100.3,97.5,95.5,100,100.8,99.3,103.5,103.3,104.3,101.4,99.6,100,100.2,96.4,102,105.7,105.1,112.1,118.1,102.5
1105005000,その他の電子部品,59.8,100.6,99.6,100.3,100.9,100.7,102.6,104.7,104.2,107.1,108.7,105.6,110,107.8,103.7,103.2,100.5,97.9,97.1,97.2,92.6,99.5,91.5,93.5,91.3,92.2,96.5,97.5,99,104.1,98,97.8,100.9,97.9,103.8,106.2,103.2,106.4,89.4,106.8,111.1,109.4,113.8,114.2,115.4,116.8,113.4,120.5,121.9,120.4,120,113.4,115.5,124,123.2,123.8,125.2,124.5,122.7,120,121.8,113.6,109.6,114.5,111.3,111.4,106.6,103.2,95.7,98.2,104.2,92.5,89.5,91.8,97.2,99.6,101.8,100.2,100.4,104.6,103.1,106.2,103.4,103.3,99.8,100.1,105.3,101.9,107.6,108.7,107.5
1106000000,電気・情報通信機械工業,860.8,112.8,115.7,116.2,115.9,117.4,113.3,116.6,119.2,113,115.8,114.3,114.9,105.5,112.9,112.2,110.8,115.6,113.6,114.8,114.2,116.8,106.2,106.9,108.1,104.6,101.3,104.4,95.5,89.3,92.4,96.3,96.9,100,105.5,102.9,104.2,108.4,108.7,106.2,111.7,109.7,112.3,107.9,99.9,98.7,100,102,100.9,102.3,102.5,102.1,104.3,96.1,105.1,106.3,106.9,108,107.8,107.5,108,107.6,108.1,107.7,109.7,106.6,107.3,105.6,105.4,103.9,104.7,102.4,104.6,97.3,98.2,99.2,98.5,100,98.8,102.6,98.7,99.6,100.7,100.1,100.6,100.2,101.3,97.3,99.4,98.6,98.8
1106100000,電気機械工業,674.2,113.7,116.2,116.6,116.6,117.7,114.9,116.3,118.2,114.4,116,113.9,114.9,105.6,111.8,110.2,108.5,115.2,110.9,112,108.4,112.6,105.6,104.2,105.6,104.2,101.6,103.9,92.9,90.5,92.4,96.8,97.5,101,105.2,104.4,105.7,109.6,109.3,106.2,113.3,114.4,115.3,111.9,102.7,103,103.2,106.9,105.2,106.4,108.8,107.4,108.8,102.3,110.1,111.1,111.1,112.2,112.6,112.9,113.2,112.4,111.2,110.9,113,110.8,111.4,108.2,109.7,106.9,110.5,107.9,109.9,99.4,100.7,100.6,100.8,102.7,102.2,105.3,102.2,105.1,106.6,105.5,105.9,105.6,106.3,101.3,101.3,101.7,102.5
1106101000,回転電気機械,101.3,107.9,116.8,115.7,116,119.9,117.5,114,113,112.8,113.3,108.1,110,104.7,107.8,108.1,106.6,118.4,107.3,109.7,106.6,106.6,105.7,104.7,105.7,107.3,104.8,105.8,87.3,82.8,84,95.1,99.6,102,108.3,110.2,108.3,109.6,111,110.8,111.4,112.7,113.7,115.8,104.8,97.3,102.4,111,109,111.3,110.5,113,114.3,110.2,113.1,113.6,118.6,120.9,120.5,118.3,116.2,107,111.8,112.4,113,111,112.9,108.1,107.9,107.3,107.8,105.3,107,98.6,99.8,97.7,99.1,102.4,101,103.1,100,100.7,98.8,98.1,98.4,105,104.9,100.4,98.2,108.7,106.6
1106102000,開閉制御装置・機器,132.7,115,113.5,120.2,117.3,117.3,108.9,116.6,114.8,110.6,115.9,112.3,108.8,110.2,108.5,110.5,110,117.6,109.8,111.4,108.9,118.4,105.8,104.2,105.5,104.3,103.9,104.7,99,97.3,96.6,92.7,93.6,96.7,99.4,100.6,104.2,102.5,108.6,95.5,106.9,109.1,111.4,109.6,106.9,107.2,103.4,104.9,104.8,106.9,104.8,96.8,109.5,100.2,102.9,106.3,110.1,102,108.1,107,105.1,105.9,102.9,100.3,106,101.8,100.2,97.8,102.1,97.9,104.2,100.1,97.9,85.4,92.7,93.7,90.6,94.2,92.7,94.9,89.8,96.5,96.6,96.9,99.4,102.1,100.6,94.2,93.8,98.9,96.5
1106103000,その他の産業用電気機械,46.6,143.1,132.9,133.9,137.9,132.6,131.7,132.3,130.1,124,130.3,127.2,125.6,104.6,117.5,119.3,116.8,114.7,114.4,101.1,113.5,112.7,104.2,95.4,102.3,102.7,110.1,108.5,101.9,104.9,97.5,94.8,91.4,91.5,105.8,92.5,94,101.2,89.2,88.8,91.2,97.8,115,99.9,86.7,96.1,92.8,93,106.6,93.3,97.3,96.9,95,94.9,96.9,104.6,102.4,102.1,105.9,109.5,105.9,107.4,105.7,109.3,108,105,109.9,97,104.5,110.5,113.9,105.7,112.9,94.4,102.5,96.6,94.4,95.2,90.6,88.7,89.5,83,89,85.9,82.5,81.9,85.4,77,90,84.7,86.3
1106104000,家事用機器,30.3,107.7,111.4,107.5,111.7,113.8,115.2,120.3,122.1,119.4,120.2,116.3,117.2,115.4,118.7,116,115.6,117.5,110.6,109.1,109.1,98.8,92.9,93,92.1,98,76.6,110.2,95.1,85.9,94.5,97.7,98,109.4,112.2,111.7,109.5,106.4,98.6,104.1,104.3,98,96.3,91.2,88.6,78.8,93.5,106,99.9,109,99.3,96.5,82.4,84.3,100.8,104.3,105.9,105.6,102.7,100.5,95.9,93.4,88,86.5,87.6,83.8,81.2,78.7,79.2,75.3,82.7,84.6,88.7,83.1,80.2,77.2,74.9,74.7,73.2,74.7,75.5,76.1,77.8,76.9,79.7,81.2,77,76.1,69.8,73.7,76.2
1106105000,空調・住宅関連機器,94.7,97.7,110.1,109.6,107.8,106.9,107.1,109.4,117.5,119.8,119.6,108.1,112.4,110.6,124.7,112.9,109,114.6,108.7,104.7,98.2,105.8,102.3,110.8,105.5,99.4,92.7,101.7,96.6,97.8,99.4,101.7,101.5,105.2,99.9,106.9,102.2,107.8,106.3,102,105.2,98.7,99.3,87,89.2,84.3,90.4,82.6,86.3,91.5,92.1,101.1,94.6,80.8,94.6,105.4,103.2,123.2,110.4,110.1,107.9,98.3,101.2,98.9,98.9,97.4,95.6,77.8,84.8,87.9,98.7,104.9,106.7,95.5,95.2,88.1,92.3,91.5,90.9,94.1,100.5,106.7,103.2,100.4,95.5,99.1,98.1,91.9,96.4,92.1,88.8
1106106000,配線・電球・照明器具,71.5,120,124.7,126.2,125.5,125.1,121.6,122.5,122.4,123.3,126.9,122.3,123,120.8,119.9,114.9,113.9,126.5,121.4,123.5,120.1,117.4,115.3,112.5,111,119.5,109.5,110.2,88.9,73.6,80.5,88.2,96.7,104.6,107.1,107.4,107,109.9,108.9,110.2,112.4,102,109.5,112.2,99.9,84.8,90.3,97.9,101.3,102,106.8,106.3,103.5,96.3,105.5,102.7,100.6,100.6,97.6,98.4,98.1,98.7,101.8,101.4,102.9,103.6,103.4,103.8,109.3,102,104.5,105.2,105.4,96.2,93.2,93.3,93.5,107.3,102.2,104.4,99,97.8,99.4,96.8,98.7,105.4,99.7,99.1,98.6,111.5,103.5
1106107000,電池,97.9,126,123.7,122.9,120.7,124.8,114.6,115,118.8,111.4,106.3,109.6,122.3,90.5,102.3,103.7,99.3,102.1,106.5,121.8,107.7,98.2,110.6,102.6,105.7,103.6,104.6,101,83.6,70.8,82.9,99.8,97.7,119.3,117.9,107.6,100,124,115.7,125.1,135.5,137.6,135.5,128.9,107.5,118.8,117.8,138.5,120,111.6,128.5,122.6,133.2,115.3,114.5,113.1,118.1,123.6,122.5,135.5,138.4,141.7,136.2,145,140.5,135.5,135.8,149.5,134.4,128.8,126.2,128.5,123.7,108.7,108.2,108.3,110.4,117.4,123.5,126.5,125.8,128.1,125.4,127.2,125.1,120.1,115.4,115.7,106.9,110.3,124.1
1106108000,電子応用装置,36.5,98.3,98.2,97.1,98.6,102.1,102.5,98,98.8,93.1,103.5,117.9,108.3,95.5,97.2,96.3,108.4,103.2,101.6,107,110.6,158.4,99.1,105.8,122.6,93.7,86.6,93,94.7,108,99.5,89.5,95.8,88.8,104.4,102.8,137.7,110.9,122.9,119.7,122.1,121.8,115.6,119.4,107.1,135.5,111.5,112.4,102,121.3,110.2,113.1,109.7,97.4,112.6,117,118.6,114.6,119.2,113.6,115.8,121.9,123.5,121.8,121.6,128.9,158.3,121.4,134.7,121,133.3,125.8,127.4,115.9,134.7,133.1,135.4,135.3,139.5,127.8,120.4,125.9,123.6,124.8,138.3,110.1,154.9,133.4,110.7,112.1,115.4
1106109000,電気計測器,62.7,100.9,109.6,104.5,109.7,109,117.3,121.8,128.4,117.8,122.1,125,117.2,100.8,112.6,111.3,109.6,111.5,107.5,107,104.5,110.7,104.6,105.8,103.1,103.7,102.1,99.2,100.5,94.9,92.5,98.1,100.3,90.2,98.9,106.9,111.5,113,113.1,113.3,133.9,136.5,127.4,126.1,121.6,121.9,127.1,120,117.8,121.1,119.7,124.5,121.6,126.6,144.9,117.5,121.9,124.4,127.2,128.5,129.9,129.6,126.9,125.3,130.9,119.7,125.6,126,124.8,125.5,128.8,110.9,130.8,129.7,120.6,126.1,121.7,123.7,117.2,125.5,122.3,129.1,130.8,120.7,121,130.9,136.6,124.9,133.6,121.4,121.7
1106200000,情報通信機械工業,186.6,110.2,113.4,114.6,110.1,118.5,107.6,114,112.5,108.8,117,117.1,119,105.7,115.7,117.6,121.3,132.7,125.9,122.1,130.5,129.8,115,117.3,116.3,106.4,102.5,104.6,103,94.1,93.2,96.3,92.4,94.6,104.4,102.1,98.6,106.5,107.2,99,101.6,102.5,102,96,88.2,82,86.2,87.3,85.9,86.8,80.6,81.4,84.5,80.8,87.4,87.9,90.5,91.4,92.1,90.2,89.7,91.1,94.8,93.9,92.2,94.7,91.9,89.6,91.2,91.5,89.4,82.5,88.3,86.7,85.2,89.4,84.9,87.1,83.9,97.2,83.7,79.1,89.5,86.2,88.6,77.9,79.3,78.7,87.7,83,83.1
1106201000,有線通信機器,14.2,76,72.6,75.4,77.6,75.8,75.1,76.4,70.3,71.7,81,68.4,78.9,80.4,94.9,98.7,83,80.3,80.4,89.3,87.6,86.8,86.1,86.1,85.1,92.4,88.5,91.6,93.8,98.7,97.9,95.1,103.7,110.1,101.4,110,111.1,105.3,112.8,99.3,101.6,97.9,99.1,90.5,80.1,84.3,105,82,86.6,76.5,76.9,77.3,79.9,87,99.7,89.8,92.4,91,89.6,94.7,87.9,107.8,99.7,127.9,100.6,86.9,94.7,90.4,80.9,125.3,81.9,76.3,77.5,74.6,69.5,102.8,73.8,80.8,76.3,85,79.1,86.1,102.9,88.4,81.4,88,76.5,79,76.1,81,76.5
1106202000,無線通信機器,47.3,115.2,125.2,118.7,103.4,115.5,99.7,98.4,108.7,106.8,122.6,110,136.4,104.5,103.5,106.2,112,114.5,108.6,104.9,104.5,119.6,96.9,114.1,116.6,95.7,97.1,116.6,95.6,94.8,92,105.4,88.2,91.3,110.3,94.9,96.2,114.2,103.1,96.4,112.6,98,108.1,103.6,99.8,90.1,92,94.6,80.3,86.8,78.5,78.8,81.2,82.8,88,80.8,86.8,84.4,77.9,82.1,87.7,79.8,84.8,83.8,77.7,86.6,66.6,56.4,63.3,64,74.5,59.9,62.2,82.4,72.8,69.5,44.2,45.2,42.7,100.3,43.2,47.5,47.6,48.5,51.3,47.6,54.2,65.2,44.4,47.9,46.7
1106203000,民生用電子機械,35.9,121.5,123.9,128.5,129.8,135.5,133.6,137.4,142.2,131.4,137,137.8,135.8,130,131.6,133.9,127.5,134.4,140.6,126.5,120.9,120,115.4,109.9,103.4,109.8,100.6,87.7,88.7,82.3,88.1,90.6,97,106,123.7,110.4,105.3,105.1,105.5,112.8,107.5,104.4,96,97.3,85.8,69,81.7,91.5,96.2,90.3,85.9,85.4,87.9,80.4,88.6,88.4,94.2,98.3,93.2,91.8,96.3,101.3,102.1,103.5,108.9,111.3,114.4,115.2,107.2,106.4,108.2,104.2,107.8,99.4,100.1,105.7,101.7,120.5,103,108.2,103.3,106,113.8,106,97.7,79,83.9,79.6,77.5,89.1,86.4
1106204000,電子計算機,45.8,103.3,105.4,102.5,102.6,109.9,97.7,109,101.3,93.7,99.7,107.3,102.5,92.5,107.7,113.9,129.7,157.1,149.3,150.5,174.4,173.9,151.7,144,144.2,120.7,108.4,100.5,126,101.8,93.7,90.9,87.7,82.6,91.3,104.1,93,120,112.3,98.3,88.6,91,97.1,89.9,73.9,76,76.9,74.2,80.5,79.4,70.7,75.3,76.4,68.3,73.3,72.3,77.4,88.8,88.9,78.8,76.8,73.6,80.2,79.9,84.8,85.7,83,91.6,90.3,79.6,79.9,74.5,80.3,77.8,73.2,80,82.7,76.4,77.4,85.8,82.2,85.1,100.2,94.6,105.9,83.5,90.6,95.7,137,111.4,105
1106205000,情報端末装置,43.4,120.9,112,122,118.6,125.5,116.8,125.5,119.7,117.7,121.5,128.7,120.7,119,130.4,129.3,132,133.7,118.4,115.9,126.4,115.3,108.5,107.7,110.3,114.5,104.2,105.6,105,88.8,94.8,97.6,91.4,97,98.6,96.3,101.2,94.2,100.3,93.9,99.4,112.9,103.8,94.6,94,90.2,91.9,90.1,91,103.3,87.2,89.6,93.6,86.9,94.5,109.5,101.3,98.7,114.3,108.8,101.2,109.1,109.8,99.7,90.3,103,105.7,98.3,105.9,123.6,105.4,103.1,111.3,99.5,102.5,109.4,106.3,111.9,112.9,101.6,107.5,97.4,96.9,100,101.5,103.7,90.3,78.9,81.4,84.3,90.6
1107000000,輸送機械工業,1502.4,115.2,122.6,124.1,124.2,126.3,121.9,115.5,119.7,116.7,123.8,122.1,124.2,125,124.5,123,125.5,135.5,122.2,122,118.9,117.6,111.1,114.9,112.4,125.5,112.2,113.1,72,62.6,72.6,90.3,97.9,106.9,114,109.2,108.5,111.8,103,110.6,110,101.4,107.1,102.5,88.1,65.9,79.1,101.3,100.6,94.4,99.5,97.1,96.8,85.7,96.8,99.7,98.8,99.3,100.1,100.6,101.3,104,105.7,110.1,113.4,108.7,111.8,112.5,110.3,115,114.9,115.4,116.7,101.9,95.4,104.3,103.5,111.7,107.4,108.9,104.3,107.8,110,108.1,108.4,113.5,110,104.6,105.5,106.8,106.6
1107100000,自動車工業,1248.2,115.7,125.6,127.5,126,124.5,123.1,116.4,122.4,119.9,126.4,124.3,125.8,122.7,126.1,124.4,124.2,131.7,122.4,123.8,120.5,118.3,111.7,115.3,112.6,119.8,110.5,111,68.8,53.9,68.7,92.9,100.7,111.3,122.4,113.4,111.7,116,106.3,116.6,115.2,96.3,112.3,108.1,91.2,64.8,80.1,105,106.9,96.4,102.5,99.7,98,76.9,98.4,102.7,101.5,101.4,103,102.6,102.4,101.4,108,111.5,114.2,114.3,113.4,114.8,112.2,117.2,116.2,118.2,118.5,98.8,94.8,102.9,103,105.7,106.1,106.4,100,106.2,110.8,108.3,108.1,111.8,112,105.4,104.4,107,107.1
1107101000,乗用車,640.7,113.8,125.4,127.2,126.7,126.8,121.7,112.5,121.4,117.9,123,124,125.4,122,127.1,126.7,127.7,142.8,125.5,125.4,122.5,118.7,108.4,115.4,110.4,120.6,111.2,111.7,63.2,53.9,65.9,93.3,101.8,112.4,120.8,111.9,109.9,113.7,99.8,113.1,111,101.9,107.4,101.7,83.4,53.5,70.4,101.2,101.7,91.3,96.5,92.2,91.6,83.4,94.6,99.7,97.3,97.8,96,99.4,98.9,102.4,109.6,113.5,116.4,117.4,114.6,117,109.9,119.5,116.5,119.7,120.9,100.5,97.7,102.8,101.5,116.6,109.6,108.7,100.4,107.4,112.2,108.3,107.3,114.6,112.7,103.8,104.6,115.9,108.4
1107102000,トラック,122.9,110.9,124.9,127.9,127.2,125,126.6,121.5,122,127.5,129,124.4,125.2,124.4,126.1,122.3,123.8,129.3,122.5,124.3,120.7,118.7,114.8,115.1,114.8,112,107.7,108.6,89.7,69.3,77.8,87,96.2,102.9,116.1,112.8,111,117.9,120.8,127.8,132.4,104.9,131.7,129.7,113.5,94.9,104.8,123,125.3,99.3,121.7,119.4,123.1,78.6,124.8,127.3,128.4,129.6,126.8,122.8,123.9,113.8,116.5,117.2,111.9,106.9,112.4,110.8,121.7,112.4,115.9,114.4,115.5,92.8,69.2,102.1,112.4,113.2,112.5,113,103,106.8,109.5,98,98.9,108.9,108.8,111.8,109.4,118.1,118.4
1107103000,車体・自動車部品,474.3,116.9,124,126.4,126.9,131.3,125.5,120.5,124,120.4,124.3,123.3,123.6,120.6,123.2,120.7,121.9,136.4,120.8,121.5,118.7,116.7,108.1,113.6,111.5,117.1,108,108.3,70.6,60.7,71.3,94.4,101.1,110.8,117.5,113.8,110.6,116.1,108.1,114.4,115.4,110.9,114,110.7,95.5,71.2,80.2,102.3,105.1,100.2,102.9,100.7,98.8,90.8,96.7,99.1,98.2,96.3,96.4,97.5,96.7,95.3,101.6,110.2,112.1,111.7,111.4,112.8,111.8,114.3,111.9,114.3,113.2,94.9,95.5,97.3,97.1,114,108.2,105.6,98.3,102.5,103.2,102.1,101.3,105.3,109.5,99.8,97.3,116.5,109.9
1107104000,二輪自動車,10.3,138,147.3,139.9,147.7,157.8,155.8,140.9,113.4,134.3,141.9,134.8,122.7,121.6,120.4,117.3,108.6,118.3,118,121.6,99.6,127.7,125.3,122.9,127.8,142.7,126.6,108.5,88.5,43.7,60,68.3,89.2,95.2,103.1,109.3,116.2,136.9,132.4,150.2,161.9,163.1,179,152.1,125.5,100.3,106.5,136.4,139.1,112.6,117.6,127.3,142.8,129.8,141,164.1,173.7,179.2,180,170.4,163,151.2,150.9,155.7,161.9,201.4,178.5,159.3,160.6,171.5,174.5,163.6,162.7,163.6,159.3,157.9,152.4,153.5,136,125.4,128,130.1,151.3,156.1,151.1,184.6,176.3,169,162.6,201.5,184.9
1107200000,輸送機械工業（除．自動車工業）,254.2,110.8,108.6,107.8,106.4,112.2,114.6,116.6,112.7,107.3,117.8,115.2,120.7,129.8,117.6,116,123.5,120.9,119.4,123.2,118.6,121.9,118.5,117.4,114.5,144.8,120.4,123.7,85.5,82.6,90.6,84.8,92.5,93.2,84.1,93.2,96.9,80.7,85.5,83.8,80.2,86.1,82.6,82,81,77.4,83.4,86.9,74,75.1,81.4,88.5,90.6,89,90.6,93.2,96.3,97.4,98.3,95.4,98.9,98,96.5,97.9,100.2,99.8,102.3,107.3,106.3,103.6,107.5,106.8,111.5,112.1,103.1,123.7,104.2,119.5,112.4,115.7,122.9,120,101.3,113.8,112.9,117.2,106.6,113.6,108.9,88,101
1107201000,産業車両,17.6,114.3,119.3,123.9,116.6,119.2,121.9,121.6,127.2,118.9,132.1,129.6,132.7,127.8,124.5,121.1,121.4,122.7,119.4,121.7,123.5,126.9,91.1,58.2,93.3,113.1,107.4,105.9,106.2,97.5,89.7,86.2,91.7,100.3,99.1,100.2,99.2,107.1,109.8,110.6,111.5,119.5,120.2,123,122,116.2,122.2,127.6,125.4,129.1,124.1,123.6,132.6,104.1,120.7,120.6,123,129.3,129.1,131.1,135.6,115.6,125.2,118.5,122.1,114.4,121.2,117.9,119.7,115.6,113.8,112.8,116.6,102.6,113.6,109.9,113.2,115.8,111.8,113.9,113.4,109.7,115,110.6,108.9,116.1,107.8,106.8,99.2,103.8,106.1
1107202000,航空機部品,105.5,113.9,114.9,105.4,109,125.1,131.9,137,120.7,126,140.2,131.9,146.6,148,130.1,123.2,142.2,140.8,136.1,151,136.9,138.6,142,135.7,128.5,166.3,141.3,146.8,52.9,56,74,67.7,90.8,102.1,73,100.5,103.1,55.5,71.8,72.4,64.4,72.8,76,66,75.8,57.7,74.7,78.9,66,43.1,69.4,90.9,81.1,86.6,87.2,97.1,101.6,113.8,112.4,106.3,126.7,104.8,109.9,108.9,112.2,121,117.7,143.1,131.8,128.3,136,132.5,141.4,144.3,138.7,161,142.9,166,151.7,164.9,169.5,163.1,119.7,152,151,149.3,148.5,153.2,149.8,91.8,124.2
1107203000,船舶・同機関,111.3,102.5,100.5,106.4,102.4,102.4,100.7,100.5,102.1,101.4,98.8,105.7,102,100.5,103.7,102.8,103.5,103,106.4,107.4,108.2,111.8,113.5,115.1,114.9,117,107,109,104.7,104.3,99.9,96.9,94.5,91.7,90,89.3,92,91.5,93.1,93.2,83.7,84.3,81.3,82.7,81.2,80.9,81.2,83,79.6,81.3,80.2,79.4,81.1,80.4,84.2,84.2,86.8,83.6,82.2,81.2,78.3,82,82.4,84.6,87.1,87.2,84.8,83.1,84.3,84.9,84.7,82.5,85.2,85.2,79.3,84.8,81.9,82.1,83.4,83.1,82.8,85.8,87.2,87.7,88.1,84.4,84.2,80.1,83.8,86.5,86.3
1108000000,窯業・土石製品工業,352.8,114.5,114.9,116.2,116.6,116.4,115.8,115.8,116,114.8,116.1,114.8,115.8,112.7,113.4,112.6,110.8,112.4,111.8,112.5,108.4,110,109.5,109.4,107.3,108.6,107.4,107.3,100.7,93.1,88.1,91.7,94.7,97.2,103.8,101.9,102.5,104.4,103.8,105.3,105.5,105.1,104.1,103.5,105.1,101.7,102.9,102.8,103.6,102.1,102.5,100.6,101.7,99.4,99.3,99.3,99.2,98.9,97.8,96.2,95.3,92.1,96.5,94.5,94.8,93.7,94.4,94.1,92.3,96.4,95,93.7,93.3,88.5,91,91.2,89.7,91.5,90.1,91.1,87.7,90.2,90.2,89.9,88.4,89,87.9,86.6,88.2,89.6,88.2
1108001000,ガラス・同製品,86.1,121.5,124.7,119.5,119.5,120.3,118.9,119.4,118.7,118.8,121.9,121.6,121.1,115.9,117,119,117.7,117.8,118,117.6,114.8,113.9,111.7,112.3,110.3,111.9,114.2,113.8,97.8,85.7,85.6,92.8,91.6,97.1,102.6,100.8,103.2,105.2,104.8,106,106.3,107,107.5,104.5,108.9,91.3,92.7,101.6,102.8,105.2,105.7,96.9,98.8,93.7,100.1,99.6,100.5,102.5,101.8,100.5,101.5,96.8,104.5,104.7,106.3,104.8,105,106.2,106.4,104.6,105.9,104.3,102.7,98.2,99.1,97.9,96.8,99.1,97.3,99,93.3,94.9,97.9,99,97,95.2,99.8,94.4,98.7,100.3,96.7
1108002000,セメント・同製品,112.5,108,106.6,109.4,113,109.2,110.2,109.6,109.3,109,109.5,108.9,108.7,107.6,109.6,107.2,107.6,107.1,106,107.3,101.5,102.9,103.4,103.9,102.7,105.8,103.2,102.3,98.9,95.5,98.2,97.7,98.5,95.2,101.6,101.3,98.9,97.6,94,96.8,101.3,100,94.7,96.5,96.5,98.7,96.6,94.9,98.6,96.2,97.5,96.9,97.6,97.1,98,94.8,96.3,92.7,91.4,91.7,89.3,89.8,91.2,90.1,88.2,87.6,88.3,88.9,80.6,90.1,86.6,84.8,85,83.7,83.7,83.6,83.9,84.3,83.6,84,78.9,83.1,82.4,82.5,80.6,83.5,78,80,84.1,81.5,79.8
1108003000,陶磁器・同関連製品,97.3,110,107.7,114.1,113.1,114.7,113.1,113.1,114.1,110.5,109.4,107,110.6,107.5,107,106.2,104.2,108.4,108.1,108.4,105,107.2,106.6,108,106.2,107.4,104.9,107,103.4,97.4,80.5,85.9,94,99.8,105,105.1,106.1,111.4,114.5,110.7,111.2,109.8,110.7,108.2,109.4,106.5,106.1,105.6,104.3,99.5,101.2,100.6,101.9,100.4,95.1,98.6,94.7,94.1,89.9,91,89.9,81.7,87,83.5,85.7,84.1,85,84.5,85.4,90.3,88.7,86.5,87.4,81.6,86.6,86.1,83,86.8,85.8,86.7,85.6,85.1,86.3,86.8,85,91.2,84.1,81.5,79.6,86.8,85.7
1108004000,その他の窯業・土石製品,56.9,125.8,127.7,128.7,126.8,130.7,128.7,127.7,130.1,127.1,127.2,128.1,127.8,126.2,125.5,125.1,122.6,125.1,122.2,123.9,119.6,120.5,115.9,116.4,112.5,111.3,110.2,107.9,108.4,95.7,88.1,89.9,93.5,94.1,98.6,96.9,102.3,105.2,105.3,110.8,107.1,108.2,109.4,109.4,109.5,111.8,115.7,114.5,113.4,113.2,113.6,112.7,117.7,113.8,111.4,111.5,110.4,110.1,107.6,105.7,106.5,108.8,110.2,107.2,109.1,105.4,106.3,105.4,104.8,105.3,102.9,105.6,105.6,102.2,100.8,103.4,100.4,104.4,97.2,101.3,98.6,101.2,100.5,98.1,98.4,94.9,96.6,95.3,94.3,96.2,94.2
1109000000,化学工業,1233,108.6,110.2,110.6,110,111.6,110.8,114.3,110.7,111.8,113.4,114.6,115.3,112.6,114.2,113.7,113.1,113.3,111.3,114.2,110.4,109.4,109,108.3,106.6,105.2,105.7,103.9,102.4,95,93.4,97.7,100.4,99.6,98.2,97.9,99.8,102.3,102.2,103.9,105.6,104.2,105.9,104.9,104.4,105.8,106.7,105.6,103.9,106.6,103.8,104.2,105.2,102.4,104.5,103.4,106.1,103.6,100.3,102.8,103.9,99.5,100.1,100.5,101.6,97.8,99.7,100,98.7,98.5,99.2,100,99.7,99.4,97.7,99.4,97,100.5,96.9,99.5,96.8,100.5,99.5,98,96.6,98.6,97.6,109.8,109.2,108,***
1110000000,化学工業（除．医薬品）,1014.3,112.1,114.6,115.4,114.5,114.4,113,115.8,110.8,114.1,117.4,118,117.6,115.6,116,116.2,115.7,116.3,115,116.3,113.9,111.6,111.9,109.5,109.7,107.5,108.3,104.9,101.3,93,91.6,95.6,98.6,99.5,99.3,98.4,100.5,103.4,102.9,104.8,106.2,105.3,107.1,105.7,104.8,106.4,105.3,105.6,104.7,105.4,102.8,102.9,103.6,99.1,102.1,101.2,100.9,100.6,98.9,99.3,98.5,96.9,95.2,95,95.6,93.7,94.4,93.4,93.2,93.9,94.5,93.8,95.4,92.5,92.6,92.7,91.4,93.5,89.6,91.9,88.7,91.5,91.9,89.2,89.8,91.1,91.3,91,92.4,91.4,88.9
1109100000,無機・有機化学工業,525.6,116.4,116.7,116.5,115.4,115,109.6,115.6,113.7,112.6,115.3,115.7,115.1,115,112.9,114.7,115.6,116,117.7,116.3,114.7,112.4,111.3,110.1,108.4,105.8,109.4,101.1,98.4,93.6,87.8,95,100,99.6,100.6,100.7,102.4,105.6,106.6,109.4,111.2,113.2,112.4,110,108.6,110.4,108.2,109.4,108,104.5,103.3,98.9,101.6,103,103.5,105.7,102.4,97.7,97.6,94.6,95,93.8,93.9,91,97.2,92.3,91.5,90.6,90.8,90.7,90.2,90.4,89.7,89,86.8,86.2,88.2,89.2,84.9,88.5,81.2,86.8,86.1,85.3,86.1,87.1,83.6,87.1,89.8,85.2,84.7
1109101000,無機化学工業製品,97.7,108.9,111.3,114.3,114.3,117.6,117.2,114.8,116.9,116.1,116.4,113.3,117,111.7,111.1,112,116.3,117.4,116.9,117.9,113.6,112.2,108.9,106.9,104,107.1,104.5,105.3,92.8,87.8,81.5,91,95.9,101.1,107.3,108.7,111.2,111.9,112.7,112.7,114,110.8,114,111.6,109.4,102.5,104.6,110.4,102.3,104.9,104.2,105.3,107.6,105.5,103.7,107.5,105.9,106.2,105.4,103.2,104.6,98.9,99.1,99.4,99.4,102.3,101.1,101.3,102.2,102.1,102.4,99.8,101.2,94.4,97,97,97.6,108.6,100.2,97,98.1,94.6,94.6,94.5,95.4,99.1,97.2,93.8,93.7,95.9,93.4
1109102000,石油化学系基礎製品,73.7,116.4,117,111.8,113.5,115.5,103.5,113.8,109.5,109.8,113,115,111.9,115,112.3,122.2,114.2,115.4,118.1,112.5,111.7,111.8,109.3,108.6,108,102.9,109.8,95.1,98.4,95.3,97.7,100.7,102.8,97.8,98.5,98.2,98.3,101.3,101,107.4,107.2,106.4,102.9,100.5,101.3,107.5,105.3,103.4,103.9,98.5,96.6,85.8,88.1,96,100.9,100.4,93.7,84.6,90.8,89.8,88.8,92.2,94.5,94.3,94.3,88.9,88.3,85.1,89,86,83.9,84.2,82.2,87.2,87.3,80.8,83.1,85,82.9,80.8,74.5,78.8,81.3,82.5,82.3,83.2,79.5,84.5,89.3,82.4,79.2
1109103000,脂肪族系中間物,66.6,115.9,115.1,115.8,110.3,102.6,97.2,108.6,109.6,106.4,109,108.3,108.9,110.3,107.9,111,113.1,114.6,115.1,117.8,112.2,111.1,111.7,109.8,109.1,105,111.2,100.2,100.7,92.1,81.5,97.3,103.7,101,99.1,100,101.2,103.9,106.7,109.3,108.2,112.5,113.1,107.6,104,111.2,109.5,109.4,113.3,105.2,102.6,97.5,101.8,99.6,99.5,96.6,97,92.1,92,92.2,91.7,88.5,88.4,87.3,90.8,85.2,85.7,82.9,84.6,83.5,86.8,87.9,85.4,86.5,80.8,81.8,85,79.5,76,86.5,79.3,81.7,80.2,79.4,80,78.7,77,82.3,81.6,78.1,78.4
1109104000,環式中間物,76.5,124.4,123.5,123.5,119.6,114.8,105.9,114.9,110.9,115.7,124.9,123.2,119,119.2,116.6,115.2,119.4,121.4,123.7,123,120.3,114.5,116.2,114.3,114.1,106.3,110.4,103,104.6,98.9,89.4,94.8,107.9,98.4,97.2,93.9,90.3,100.5,95.4,105.3,104.4,111,112.9,110.3,107.8,113.5,100.1,109.7,108.7,105.8,107.5,105.9,101.1,94.9,94,93.9,96.5,89.6,91.3,90.3,91.1,91.3,86.8,72.9,88.5,85.8,80.6,81.8,79.4,77.3,71.5,83.7,70.2,75.9,71.1,68.3,71.6,65.8,61.8,72.3,60.9,77.8,74.3,75.5,75.5,68.1,59.6,64.3,70.8,61,78.6
1109105000,プラスチック,167.6,114.7,114.7,114.9,114.4,113.5,107.8,113.2,113.1,111.3,112.7,112.2,113.8,113.6,109,112.6,112.1,111.4,113.9,112.6,110.9,107.6,108.9,108.8,106,104.2,108.8,101.4,97.7,94.1,89,94.1,98.6,99.6,100.2,101.4,104.8,107.4,108.5,109.8,112.8,114.8,112.1,110.8,109,110.8,108.7,109.8,108.2,104.6,102.8,100.6,101.8,107.8,105,106,103,98.8,98.6,94.1,93,96,98.2,91.3,99.5,94,94.6,91.9,92.4,92.7,94.3,93.5,94.4,91.1,90.7,89,89.6,90.7,86.6,88.2,82.5,89.2,89.8,89,88,90.7,89.8,90.4,96.6,90.9,85.2
1109106000,その他の有機化学工業製品,43.5,128.4,124.3,129.9,130.9,131.9,128.3,137.7,125.1,109.7,121.1,139.5,125.2,131,129.2,129,131.9,125.2,124.9,114.5,125,124.9,123.7,121.5,117.4,117.4,114.4,106,99.6,94.4,90.1,89.4,83.3,94.5,99.2,100,107.1,107.7,113.4,126.1,121.9,128.8,122.9,109.4,120.5,120.7,133.6,117.6,118.8,113.8,110.4,99.9,107.2,113.9,120.3,126.5,123.8,114.8,108.1,98.3,104.9,92.2,85.8,100.3,110,95.9,92.3,91.8,92.3,95.2,95.6,91.2,101.5,99.6,92.6,95.4,102.2,101.1,95.1,108.3,94.8,96.7,90.5,88.8,92.1,101,94.6,111.1,101.4,95.1,88.6
1109200000,化学工業（除．無機・有機化学工業）,707.4,100.8,105.6,105.6,105.1,111,111.6,112.6,109.5,111.6,112.5,113.9,115.5,109.3,115.6,112.2,109.6,113,107.8,111.9,107.2,107.2,108,107.4,105.1,103.6,102.8,104.5,103.8,98.7,96.7,98.8,100.4,99.2,99.2,95.8,97.2,98.8,98.2,97.8,99.9,100.1,102,102.1,99.7,101.9,109.5,102.7,100,109.2,103.4,104.8,105.7,104.5,105.5,103.9,107.3,106.9,106.5,108.7,110.6,105.6,105.6,106.3,106,104.5,105.7,106,104.2,104.6,104.1,106.8,105.9,108.4,106.7,108.8,101.5,109.6,106.3,107.9,108.1,110.1,108.3,107.9,105.5,108.7,108.8,125.9,120.8,125.8,***
1110300000,化学工業（除．無機・有機化学工業・医薬品）,488.7,103.4,112.4,113.6,113.3,115.7,116,117.1,109.6,115.8,118.9,121.2,120,113.2,119.6,116.8,114.2,117.2,112.5,117.7,114.3,110.5,110.8,110.2,111.4,107.1,106.3,106.8,103.5,94.4,94.8,96.8,98.1,98.8,98.4,96,97.9,98.8,97.9,97.8,100.1,99.4,102.3,102.9,101.2,101.2,103.1,101.5,100.6,106.8,101.4,103,104.3,97.6,101.3,99.7,100,102.4,100.4,103.9,103,99.9,97,97.3,96.9,96,97,97.1,96.2,97.2,97.9,98.3,101.1,97.4,98.4,98.6,96.3,98.3,95.7,96.4,97,95.8,95.8,94,93.3,96.7,99.2,94.3,96.5,98.3,94.3
1109201000,化学肥料,10.4,109.5,108.5,105,104.9,105.2,98.9,96.6,95.9,95.4,97.2,125.8,109.2,92,104.7,104,108.6,110.3,116.7,107.4,106.1,105.1,98.5,98.8,103,101.4,100,99.6,99.4,91.9,89.8,101.5,99.4,97.9,98.2,111.6,104,96.1,83.8,106.1,95.6,120.8,116,106,106.1,105.9,102.9,94,92.5,97.3,95.3,96,95.6,99.4,97.9,99.9,99.5,86.6,107.3,109.5,104.9,93.9,91.2,88,86.6,82.9,84.7,74.8,77.4,72.3,73,80.1,86,80.1,77.5,80.2,79.3,79.4,74.7,78.8,78.2,83.3,83.5,83.4,85.7,81.1,75.8,66.2,83.1,90.6,92.1
1109202000,塗料・印刷インキ,59.9,109.1,115,116.5,114.7,115.7,114.2,113.4,112.9,112.6,114.1,115.8,116.6,111.6,118.2,115.9,116.7,119.1,114.5,115.6,109.3,113.5,111.8,108.6,107.3,106.6,106,104.3,99.4,91.5,89.7,95.3,97.7,100.4,103.8,102.1,100.9,103.7,101.5,102.8,102.1,102.5,102.9,102.4,102,99.6,98.4,101.4,101,101,100.4,101.1,101.7,99,100.6,100.1,99.4,99.3,98.6,98.2,98.7,96.2,98.5,97.8,98.5,97.2,97.2,96.7,97,98.5,98.4,99.3,99.7,91.3,94.9,94.8,94.9,97.4,96.7,96.8,93.9,95,95.3,94.4,94,96.4,98.3,95,93,96.1,94.1
1109203000,洗剤・界面活性剤,158.6,89,91.3,95.2,98.9,102.7,99.8,100.1,96.5,97.5,105.1,103.7,102.3,99.5,105.9,104.2,98.7,106.1,102,101.9,104.5,97.8,97.1,94.2,100,98.8,96.7,99.7,109.4,101,96.5,103.1,97.9,101.2,97.1,92.8,108.7,107.1,105.5,95.7,100.1,100,105,103.5,105.5,103.8,102.5,102.1,102.1,106.1,101.7,105.1,105,101.1,102,100.8,101.9,105.3,106.9,107.7,105,102.8,98.9,100.7,97.8,96.3,99.2,98.4,96.3,96.1,97.5,97.3,99.8,94.4,95,94.2,96.4,96.5,95.2,93.2,97.6,99,100.4,98.2,100.7,95.9,106,99.6,99.9,98.7,96.9
1109204000,化粧品,259.8,113.5,123,123.1,122,125.7,127.9,128.7,118,128.9,128.7,131.8,131.7,125.4,127.2,123.9,122.4,125.9,119.7,128,123,117.7,117.8,119.5,119.6,114.1,111.2,110.7,100.9,93.8,96.3,92.7,99.8,96.6,96.2,94.4,90.5,93.9,92.9,96.3,99.5,101.2,101.4,102.8,99.6,99.7,101.8,100,100.5,109,101,101.1,104.2,99.1,102.5,99.4,100.2,102.1,92.5,101.8,103.4,98.9,96,95,95.6,97.6,97.1,98.3,97.4,99,98.1,97.8,101.8,99.7,102.3,102.7,96.6,101.2,97.6,99.5,98.5,94.7,93,90.9,88.5,96.4,97.3,91.8,95.1,99.9,93.9
1111000000,石油・石炭製品工業,175.6,119.8,117.7,120.8,120.7,121.1,114.3,119.2,119.6,120.2,114.6,117.1,115.3,117.7,118.2,118.3,119.6,120.1,120.9,121.1,118,116.2,114.1,114.9,114,110.2,110.9,109.2,100.6,89,94.6,94.1,91.7,96.9,99.3,99,100.9,99.7,97,97.4,99.3,92.9,96.8,97.7,99.2,107.1,106.3,102.9,105.4,106.9,106.3,104.9,105.2,109.7,109.8,108.8,109.8,104.7,107.1,106,101.2,104.9,106.2,105.2,104.6,102.6,98.8,100,103.6,102.2,100.9,96.8,99.3,95.5,98.2,99.2,99.8,102.1,96.9,90.9,89.9,92.3,94.4,95.8,95.9,92.9,87.9,91,98.7,92.7,97.4
1111001000,石油製品,164.7,120.6,118.3,121.7,121.6,121.9,114.5,120,120.2,120.9,114.7,117.6,115.7,118.3,118.9,118.8,120.2,120.9,121.4,121.5,118.5,116.7,114.3,115.4,114.5,110.4,110.8,109.4,100.8,88.4,94.5,94.1,91.6,97,99.4,98.9,100.8,99.5,96.7,97.2,99.2,92.2,96.2,97.2,99.1,107.4,106.6,102.9,105.7,107.4,106.8,105.3,105.7,110.5,110.6,109.5,110.6,105.1,107.8,106.8,101.7,105.7,106.9,105.9,105.3,103.2,98.9,100.2,103.9,102.8,101.6,97.6,100.1,95.8,98.8,100,100.6,103.2,97.5,91.3,90.1,92.7,94.7,96.5,96.5,93.3,88.3,91.6,99.9,93.3,98.6
1111002000,石炭製品,10.9,108.7,108.8,108.3,109.1,110,110.6,106.5,111.1,110.6,111.6,108.7,109.5,108.6,108.7,110.8,111.8,110.3,112.6,111.7,110.5,110,108.7,106.7,106.4,107.4,112.5,106.9,100.6,96,93.7,91.7,95.2,95.6,97.4,100.3,102.7,102.4,102.6,101.8,102.4,103.2,103.9,103.8,100.9,102.1,101.6,102,101.1,98.9,98.9,99.1,98.4,100,98.6,97.3,97.2,98.3,96.6,95.7,93.5,93.2,95.1,95.2,94.9,94.4,94.8,96.3,96,92.9,89.3,88,88.1,87.7,88.8,87.7,87.5,87,86.6,87.1,86.3,86.2,88.2,86.3,87.3,84.9,82.3,83.1,80.3,82.5,82.3
1112000000,プラスチック製品工業,464.7,106.2,108.3,110,108.1,109.2,107.8,106.1,109.1,107.5,109.7,110,110.3,106.9,109.9,108.2,108.6,110.7,107.7,107.6,106.3,106.8,105.3,105.1,104.5,105.3,104.4,104.8,96.2,87.8,91.6,96.8,98.5,102.1,104.4,103.2,102.3,104.9,104.5,105.1,105,103.6,105,103.9,102.8,95.2,96.9,104.9,104,102.2,103,102.6,102.2,98.9,101.4,100.7,102.1,100.4,98.4,100.5,99.4,96,98.7,98,98.6,98,98.7,97.9,98.6,98.9,100.5,100.7,101,96.9,95.8,95.5,96.7,99.9,98.4,98.7,96.4,98.2,99.5,96.9,97.2,101.6,102.6,98,97.7,100.9,97.9
1112001000,プラスチック製管・フィルム・シート・建材類,221.9,107.3,108.3,109,108.9,108.6,107,107,107.2,106.6,108.2,108.4,110.1,106.3,107.3,106.8,105.9,105.9,105.8,106.8,102.3,106,104.6,103.7,104,102.8,101.4,102.1,104.3,97.6,98.8,97.7,97,98.6,99.4,99.2,99.9,102.5,102.5,102.2,102.8,103.9,103,103.3,103.9,103.7,103.1,104.4,103.5,102.8,102.9,102.1,102.2,100.6,102.1,101.5,99.8,98.7,95.7,96.5,95.1,92.2,93.5,91.8,92.4,90.9,92.8,91,88.2,89.8,92.8,91.9,91.5,90.3,91.8,89,91.5,92.5,92.8,93.7,90,94.5,94.7,92.4,93.1,93.3,96.3,93.7,94.4,95.5,92.8
1112002000,工業用プラスチック製品,147,105.7,109.1,112.6,109.4,112.1,110.3,105.2,108.7,107,111.2,111.7,111.6,110.1,113.6,113.3,114.7,121.9,113.6,110.7,112.7,109.9,107.1,106.6,106.5,110.5,110.1,109.1,81.5,66.7,78.3,92.6,99.2,108.3,113.8,110.6,109.3,112.3,108.5,109,108.3,102.3,111.7,106.3,96.6,77.2,83.4,105.1,104.3,99.5,101.5,102,100.6,89.8,99.2,98.2,100.3,101.2,100.7,104.3,104.2,98.8,105.4,106,107.7,103.4,109.4,108.6,109.9,110.1,112.4,113.3,113.6,99.5,97.3,99.8,100.9,106.6,102.6,102.2,98.9,101.9,106.4,103.4,102.6,110.7,109.7,100.6,100.2,103.9,100
1112003000,発泡プラスチック製品,21.2,107.4,106.4,109.4,107,106.8,107.6,104.5,109.6,106.9,109,108.4,110.1,107,112.1,105.9,104.3,106.6,103.3,104.7,102.1,101.6,102.2,103.2,100.8,103.1,100,101.8,101.9,97.8,98.1,98.4,97.3,99.6,103.3,100.2,96.3,99.3,101.9,101.3,100.7,99,100.3,102.3,102,102.4,100.8,99.8,98.8,100.8,99,95.8,100.4,101.4,102.5,98,98.7,97.3,96,96,98.7,95.2,95.1,93.5,93.1,93.5,94.5,94.1,94.2,95.9,95.1,94.4,96.8,95.9,91.5,93.7,93.6,93.7,94.5,94.3,89.7,94.7,97.2,93.5,92.3,92.3,92.6,92.6,89.5,91.2,91.2
1112004000,プラスチック製日用雑貨・容器類,74.6,107.3,106.5,105.3,105.5,106.1,106.5,107.4,110.6,111.9,111.5,111.1,110.4,105.6,108.4,101.1,106.6,105.8,106.5,106.1,101.6,104.2,104,105.9,104.8,105,102.3,102.8,100.3,91.4,97.3,103.5,96.8,100.4,101.3,100,97.8,101.3,102.8,104.9,106.8,105.1,103.4,103.7,104.9,104.9,105.4,105.5,106.7,108.2,107.5,106.1,107,106.4,107.6,105.8,107,105.1,103.9,105.2,103.7,102.4,102.7,101.2,101.6,99.7,100.8,100.3,101.8,106.9,105.8,104.8,107,104.4,101.7,104,104.8,105.5,105.3,106.8,106.5,108.2,108.7,106.5,106.4,103.1,106.6,104.1,105.6,108.5,108.7
1113000000,パルプ・紙・紙加工品工業,236.5,111.4,112.8,113,113.1,114,113.3,109,113.7,111,113.4,112.3,112.4,111,111.4,111.1,110.5,110.6,109,113.9,112,111,106.7,107.9,106.5,106.9,104.8,106.2,104,92,89.8,95.1,93.7,100,101.1,102.1,101,103.2,101.8,101.6,105.9,102.5,102.5,104.4,102.4,102.3,103.8,103.1,103.4,102.8,104.1,103.4,103.8,103,100,101.4,103.7,101.7,100.1,99.9,100.8,98,98,98.7,98.2,96.1,95.1,95.8,95.6,96,94.5,94.3,95.4,91.1,94.2,93.7,93.7,95,93.7,96.4,94.8,94.4,95.3,95.3,95.1,92.4,94.8,93.1,94,94,90.4
1113001000,パルプ,27.2,122.3,122.4,120.8,126.3,122.2,124.6,116.2,124.1,119.4,122.7,122.9,123.9,120.3,121.7,123.7,118.2,119.1,119.7,128.1,121.4,118.7,109.6,115.7,108.9,114.4,111.9,111.9,106.4,84.9,83.4,90.4,88.4,99.2,100.3,100.4,102.7,105.4,103.3,103.7,114.1,107.6,107.4,109.9,107.2,106.9,110.9,109.6,109.7,102.2,108.9,107.4,108,114.2,101.2,107.8,109.5,109.1,104.6,105.6,107.2,103.9,106.1,108.4,107.6,101.3,84.1,103.8,101.3,101,99.5,92.2,100.2,97,101,100.9,99.3,99.8,99,103.5,102.2,103.2,101.8,102.2,101.2,99.1,103.3,100.5,103.4,100.6,82
1113002000,紙,77.1,122.8,124.1,125.8,125.8,124.1,125,113.6,122.3,120.5,122.9,120.3,122,120.6,120.9,121.3,118.4,120.7,119.2,121.7,120.8,118.7,111.2,115.8,112.6,112.9,111.7,111,105.1,88.1,82.4,89.2,90.8,99.3,101.5,104,99.8,104.3,99.8,102.3,106.4,102.3,102.5,104.4,103,101.7,101.7,101.2,102.2,101.2,103.2,101.1,102.1,102.2,96.3,97.1,99,98.7,97.4,96.7,99.1,95.9,96.1,99.8,95.2,93.9,91,93.6,91.4,92.3,89.3,89.1,88.5,87.7,90.5,90.4,88.9,88.6,88,89.7,89.8,89.9,90.4,89.7,90.2,86.3,89,89.8,88.1,88.4,81.8
1113003000,板紙,52.4,103.2,103.5,103.6,103,104.1,104.3,103.1,105,104.7,104.8,105,103.6,105.7,105.7,104.9,104.3,103.7,99.8,102.9,100.6,101.2,100.8,101.1,104,102.3,99.4,99.7,99.2,99.2,92.9,95.6,98,102.5,101.4,104.3,103.3,103.9,104.6,104.6,106,107.5,105.5,106.4,104,104.8,105.1,105,107.5,107.4,107.4,108.3,107.3,107.7,106.9,106.7,110.2,106.2,106.8,103.1,104.4,100.8,98.9,99.3,103.7,99.7,100.4,96.7,100.2,100.5,99.1,100.6,101,95.9,99.3,98.5,98.9,99.6,99.7,99.7,101.4,97.5,100.2,100.8,100.3,96.1,100.1,98.5,101,99.7,98.6
1113004000,紙加工品,79.8,102.6,104.8,105,102.6,109.9,105.6,104.1,106,103.1,105.5,105.4,105,102.3,102,102.3,103.1,104.7,104,106.8,106.2,107.2,104,102.2,100.9,101.8,99.4,105,103.2,96.7,97.1,99,96.3,99.2,99.6,99.2,99.8,101.4,101.3,99.1,101,100.6,100.6,99.7,98.6,99.4,101.4,100.9,99.3,101.9,101.1,102.2,100.3,99.1,100.3,98.6,102.4,98.7,95.5,98.2,97.8,96,95.9,95.9,94.6,95.1,95.8,94.8,95.6,95.3,95.1,94.8,96.2,90.8,92.4,91.9,93.6,98.7,93.3,96.6,92.5,92.9,94.1,93.8,94.1,95,94.3,90.9,92.6,95.4,94.9
1114000000,食料品・たばこ工業,1377.9,102.1,103.6,103.6,101.7,103.6,102.4,102.8,103.6,100.3,103,103.2,103.2,105.8,103.6,102.5,103.7,103,103.9,102.5,104.4,105.1,100.9,102.3,102.4,101.7,99.6,101.3,100.8,101,98.2,101.7,99.4,99.4,99.6,96.5,98,99.8,99.8,100.6,101,98.4,100,99.4,97.5,97.5,100.1,99.6,98.6,99.9,99.6,98.2,98.2,98.2,98.2,98.1,99.7,102.4,95.8,98.4,99.5,97.8,99.3,98.8,98,99.2,98,98.3,98.9,99.2,97.8,98.3,98.2,95.4,97.3,98.6,97.9,98.6,98,98.5,97.5,97.2,98.7,98.8,97,98.9,99,97.8,93.4,97.1,***
1114001000,肉加工品,115.7,98.9,99.8,100.3,98.7,99.7,99.5,98,98.2,98.3,99.6,98.8,98,97.9,98.9,98.9,99.9,98.9,98.9,100.2,101.3,99.7,100.8,101.3,99,100.6,100.7,100.2,100.9,100.1,100.1,99.9,99.3,98.1,101.4,97.3,98.9,99.9,99,100.1,100,99.9,98.5,101,99.7,100.6,99.3,101.4,100.5,101.2,102.2,99.4,99.3,99,99.3,98.2,99.2,100.5,99.3,98.8,99,99.7,99.6,99.3,98.2,99.1,99.3,97.6,99,98.8,98.5,98.1,98.1,97.8,98.9,99.1,98,98.6,97.7,97.5,96.8,97.2,96.5,96.3,94.3,95.6,95.5,96.2,97,97.9,***
1114002000,乳製品,130.6,100,99.7,100.4,99.9,99.3,99.7,99.5,99.6,98,100.1,99.6,99.7,98.9,99.5,98.7,98.4,98.8,97.9,98.1,98.1,99.7,99.3,100.6,99.3,99.8,100.3,99.7,100,99.2,100.5,100.2,101.1,99.4,99.4,99,98.7,99.4,99.3,100.4,100.2,99.9,100,99.7,99.1,99.7,100,100,99.9,99.8,99.1,99.5,98.5,98.1,98.3,98.5,99.5,98.4,98.1,98.1,98.4,98.1,97.9,97.3,97,97.3,96.7,97.8,96.8,96.8,96.4,96,96.7,95.5,95.4,95.4,95.9,96.4,96,96.1,96.4,96.3,97.7,96.4,97.1,97.6,97.3,94.4,95.3,94.4,***
1114003000,水産・野菜食料品,80.5,101.3,99.4,98.1,98.4,98.4,99.4,99.5,99.9,99.5,101.5,103.7,103.2,105.8,102.9,98.9,101.3,99.4,99.4,102,103.5,101.4,102.2,102,100.6,97.8,97,99.3,100.3,99.9,100.4,100.3,100.9,100.6,104.2,100.1,99,103.3,103.5,104.1,103.5,105.9,106.6,105.8,106,107.3,106.2,105.5,108.8,112.1,116.6,113.6,113.9,112,109.4,109.6,108.5,110,110.4,110,113.5,113,113.1,112.5,110.1,108,108.9,107.7,104,106.1,107.2,105.6,100.6,98.5,101.6,104,103,102.1,102.7,100.4,101,98.4,99.7,97.7,95,91,91,99.1,98.2,97.4,***
1114004000,食用油脂,28,101.8,103,108.4,101.6,106.4,104.3,104,102.2,101.8,106.4,104.8,102.2,106,104.1,104.7,105.9,102.3,104.9,107.6,106.1,104.2,102.4,107,104.6,98.6,102.9,99.5,106.6,99.4,95.8,95.1,100.1,99.6,98.9,99.2,101.5,103.2,102.4,98.5,101.9,97.3,101.7,103,103.6,99.8,98.7,96.6,98.1,97.7,96.2,99.6,97.3,98.9,98.4,93.4,96.1,96.7,98.6,96.3,95.9,89.4,95.3,95.5,92.2,92.9,94.3,92,95.4,91.1,92.6,95.8,94.4,94.3,90.9,95.1,97.6,95.7,95.1,97.7,93.9,96.1,92.9,94.2,95,97.1,96.7,95.5,97.1,95.3,***
1114005000,調味料,53.5,99.3,104.4,104.3,103.1,108.3,103.7,103.1,104.9,102.2,103.5,103.2,104.4,104.6,103.4,101.8,106.5,101.7,101.4,103.6,101.6,104.4,102.9,103.2,103.6,100.9,100.6,102.5,99.6,91.2,95.5,102.6,101.2,99.6,102.7,99.3,99.5,100.6,99.5,100.8,101.9,100.7,101.3,99.2,94.8,96.6,98,101.3,99.1,104.1,100.8,98.8,98.7,95.3,101.1,97.9,98.2,101,98.5,97,97.3,96.5,100.9,99,97.8,97.1,97.2,97.1,97.8,99.6,97.6,97.3,99.8,96.2,96.8,96.5,97.8,99.3,97.8,99.8,99,96.5,98.4,99,98.8,100.2,96.8,95.8,96.2,99.6,***
1114006000,糖類,32.5,109.2,111.4,108.2,107.2,117,107.3,108,110.6,109.9,110.7,110.3,106.2,109.9,111.4,107.8,109,107,109.6,106.8,97.5,107.6,105.4,108.3,108.9,105.8,99.7,110.6,103.8,92.6,94.8,98.1,92.1,100.9,100.5,99.4,97.6,96.6,97.1,101.4,105,98.9,97.6,101.6,99.7,97.4,98.4,98.9,101.2,102.7,98.9,100.5,100.7,99.7,102.2,99.2,101.7,101.6,104.7,103,103.5,98.2,100,102.3,100.9,99.7,103.5,100.6,103.1,103.7,99.8,100.9,100.5,100.1,106.5,96.6,100.9,103.7,102.2,101.5,101.6,103.9,98.8,102.3,99,107,111.2,96.3,98.9,102.9,***
1114007000,製粉・調整粉,33.5,102,104.2,101.8,102.8,105.2,103.7,102.5,103.4,103,102.9,104.7,103,103.1,102.9,102,102.1,103.6,101.4,102.1,103.3,103.3,101.9,101.5,100.4,101.2,101.2,102.3,100.4,97.4,99.2,103.3,98.6,99.3,99.1,95.3,99.7,99.7,97.8,98,99.6,97.9,98.5,100.3,97.6,98.3,99.6,98.8,99.8,98.5,97,99,99.1,98.2,102.8,96.5,98.7,94.3,96.7,97.4,96.3,96.2,97.9,97,97.2,97.8,99.7,97,97.2,97.4,96.1,96.2,97.6,98,98.1,97.2,97.6,99.5,98.1,100.8,97,98.4,100,99.6,98.1,100.2,99.8,96,98.2,100.8,***
1114008000,パン・菓子,204,101.2,101.5,100.9,95.8,99.6,99.1,98,100.3,99.4,100.3,99.7,99.6,98.3,99.7,98,98.6,99.1,98.5,100.8,100.4,100.1,100.3,100.8,100.6,100.7,97.4,100.2,102.9,103.3,99.8,99.7,98.4,97,102.2,96.8,99,100.2,99.1,100.5,99.8,99.9,100.5,98.4,99.7,102.9,99.1,97,96.6,97.1,96.3,97.6,97,96.8,98.8,97.3,95.2,95.6,94.1,95.2,95,96.3,97.4,96,95.5,95.9,95.4,95,94.4,94.1,93.1,93.1,94.6,94.1,94.8,94.2,94.3,97.4,95.4,94.1,95.7,95.4,95.7,95.2,94.5,94.7,94.1,92,94.7,102.2,***
1114009000,麺類,123.4,98.4,99.4,97.9,96.7,98.8,97.7,103,97.6,98.6,98.2,98.3,99.8,100.7,97.4,98.1,99.3,98.9,99.2,99.3,100.4,98.4,96.9,97.2,96.9,98.4,96.2,103.1,105.4,107.8,99.1,96.8,97.7,98.3,99.2,96.6,98.4,103.4,100,99.2,97.3,97.8,101.3,100.3,100,97.5,99.8,98.6,97.6,98.4,99.2,95.1,97.9,97.3,96.4,97.1,97.3,102.6,98.2,99.7,98.8,97.1,97.6,95.6,96,97,98.2,99.2,97.7,98.1,96.7,95.7,97,97,92.7,97.6,97.1,96.9,97.1,96.3,96.8,93.3,94.4,97.2,96.5,97.3,96,96.5,97.9,99.8,***
1114010000,清涼飲料,136.8,107.3,106,104.6,106.1,107.1,106.2,106.1,107.3,106,106,107.1,105.2,108,107.3,106.3,103.2,107.5,111.2,103.1,102.8,107.7,106.7,105.4,104.8,99.8,96,98.9,102.6,101,102.8,104.8,96.4,100.5,95.8,97.6,98.4,99.4,98.4,100.3,103,101.5,98.3,98.6,98,95.7,96.5,100.6,99.1,99.7,101,99.4,93.4,92.4,95.4,98.4,109.7,96.8,103.7,95.7,98.7,95.2,94.8,102.4,94,93.7,88.2,93.5,95.6,104,99.9,96.3,94.9,94,98.5,96.6,94.8,96,94.6,95.4,97.3,102.7,98.1,98.7,96.1,89.2,87.4,84.6,90.2,87.4,***
1114011000,酒類,342.3,98.6,99,100,100.4,103.2,100.7,100.6,102.1,97.3,104.6,104.7,101.2,121.6,104.3,102.1,105.3,100.9,102.5,101.7,107.7,113.4,98.5,102.6,101.9,110.2,100.2,99.7,95.2,101.1,99.9,105.2,98.1,103.9,98.4,94.9,95.6,98.8,103.2,102.1,101.9,91.5,99.4,97.3,88.9,92.7,103.8,100,98.4,102,96.1,98.2,100.2,98.6,96.2,97.3,98.6,116.7,87.9,97.7,98.1,99,98.6,96.3,97.2,99.9,97.9,99.1,102.7,102.4,100.4,102.7,101.1,102.5,101,101.3,99.3,101.8,100,102.9,100.2,100.2,105.7,103.1,99.7,111.1,109.2,110.4,86.4,98.5,***
1115000000,その他工業,693.9,117.2,118.4,118.9,117.8,119.1,117.4,116.2,116.3,114.8,117.3,117.4,118.1,115.5,118,116.8,116.6,116.8,116,117,115.8,115.7,113.7,112.1,111,111.4,107.9,108.5,98.7,89.1,86.8,94.4,95.3,96.8,102.4,102.5,103.4,104.8,105.1,105.2,106.4,104.5,106.8,107.4,105.5,103.7,105.1,106.1,105.8,105.5,105.7,106.1,105.3,102.8,104.8,104.1,104.9,104.3,104.4,104.4,103.7,102.1,102.6,101.8,101.5,100.7,100,99.5,98.2,98.8,99.7,100,99.7,94.4,94.6,93.2,94.5,96,95.1,96,94,95.9,95.8,94.5,94.3,95.1,96.1,93.9,93.9,95.6,94.9
1115100000,繊維工業,150.1,119.8,119.5,120.8,119.7,123.9,119.9,119.6,115.9,116.7,120.1,119.4,119.6,117.5,118.3,116.9,117.9,116.3,116.6,115.9,115.1,115.2,113.9,111.9,111.9,111,108.8,112.1,107.5,101.4,94.5,97.6,90.4,89.7,94,93.7,96.7,97.9,99.6,99.4,100.4,99.7,101.1,102.5,99.4,102.8,101.8,102.3,101.7,102.9,103.1,103,101.5,100.9,100.4,99.4,100.9,100.8,100.1,100.4,99.5,98.3,98.9,98.1,99.9,97.7,97.5,96.3,94.6,94.6,93.8,96.1,93.9,86.7,90.1,88,92.5,93.3,94.6,94.3,91.3,95.9,95.8,93.1,91,91.4,92.2,89.6,91.6,91.5,89.6
1115101000,繊維,54.9,122.4,123.3,122.7,121.3,128.4,122.6,124.8,114.8,119.4,125.9,121.2,121.7,118.1,117.4,117.7,118.6,115.1,116.8,114.6,115.6,115.6,114.2,112.8,112.4,114.8,108.8,111.9,109.6,105,91.8,99.6,84.5,86.2,90.3,91.8,101.8,98.8,102.9,102.7,104.8,106.7,105.8,111.5,105.5,111.3,110.8,111.1,109.1,110.4,113,109.5,106.8,109.3,107.3,107.3,106.9,106.6,106.4,102.5,103.7,102.4,102.1,100,102.7,98.9,97.8,98.8,95.6,95.6,90,95.8,92.5,84.6,88.3,84.1,91.4,91.6,97.7,92.1,92.6,95.8,92.8,91.7,85.5,88.8,90.4,88.9,88.8,89,85.7
1115102000,織物,30.1,119.1,116,120.4,121.7,123.4,123,122.8,122.9,122.7,122.6,124.3,125.1,124.1,126.7,125.9,125.4,128.5,128.3,130.3,127.1,125.6,124.8,119.7,119.8,115.4,115.3,111.4,111.1,104.4,99,91.3,81.9,85.6,95,93.6,92.7,99,100.2,100.3,100.4,100.5,104.4,104.3,103,106.1,107.1,106,104.1,106.8,102.8,107.3,106.6,107.8,105.9,107.5,112.3,109.4,106.8,112.7,109.1,109.7,110.5,110.9,113.1,113.1,113.6,110.7,109.4,105.1,106,106.5,106.4,96.9,105.5,104.6,104.1,106.1,106.8,112.1,105,111.1,115,111.4,112.6,113.2,115,110.9,113.1,112.5,112.1
1115103000,染色整理,20.4,121.5,115.7,126.5,121.6,124.1,122.8,120.2,119.6,118.3,119.1,119.2,124,118.4,119.6,118.9,118.8,119.1,119.4,120.1,116.8,116.3,118.7,114.9,116.1,111.7,111,109.3,108.9,95.5,90.3,89.7,90.6,93.1,99.6,98.9,98.6,101.2,102.6,102.3,103.2,102.1,103.4,104.6,103.3,105,102.3,103.4,101.9,102.9,102.3,102.4,101.7,97.3,103.5,102.3,103.3,102.1,102.7,104.6,103,101.2,103,104.5,103,102.9,103.4,102.5,102.1,101.8,100.2,99.2,100.2,94.1,95.9,94.2,96.8,100.3,95.4,96.3,92.3,95.5,99.1,93.5,95.4,97.6,97.4,92.4,96.2,98.2,92.8
1115104000,繊維製品・粗製品,44.7,115.1,116.8,115.6,113.6,117.6,113.2,113,112,109.6,113.8,114.2,112.3,111.2,110.2,108.3,108.8,107.9,107.7,109.1,107.7,107.5,105.4,104.5,104.5,101.8,101,112.5,98.8,98,96.7,106,106.6,96,95.6,93.3,92,93.7,91.8,91.8,90.7,89.4,92,92.9,89.2,89.9,88.3,89.6,90.8,90.3,89.8,90.4,88.8,87.1,87,86.7,86.4,87.7,87.5,87.8,85.9,83.8,84.6,84.3,84.6,83.7,84,82.5,83.3,84,85,85.6,84.6,81.1,82.7,81.5,83.3,84.3,83.5,84.5,81.1,84,81,79.3,78.1,79.5,80,77.8,77.9,78.1,78.5
1115200000,木材・木製品工業,94,110.6,110.3,111.4,112,112.1,115.3,110.2,112.5,110,111.6,110.6,113.1,112.8,114.4,112.7,112.4,114.2,113.2,115.5,113.4,112.8,112.2,110.6,110.2,112.7,106.3,104.1,100.6,97.2,92.5,90.9,93.4,96.3,102.1,101,101.9,103.1,104,105.1,107.7,109.2,110.8,111.5,110.4,110.5,110.1,110.1,108.5,105.5,108.3,109.8,109.4,105,111,107.1,106,103.2,99,99.3,97.3,97.3,97.4,96.5,95.6,94.7,95.1,93.8,94,91.7,93.6,99.4,102.3,90.8,90.9,88.8,88.7,90,87.1,86.9,85.3,89.9,90.4,90.2,89.1,94.5,91.6,93,91.7,90.5,92.1
1115201000,木材・木製品,94,110.6,110.3,111.4,112,112.1,115.3,110.2,112.5,110,111.6,110.6,113.1,112.8,114.4,112.7,112.4,114.2,113.2,115.5,113.4,112.8,112.2,110.6,110.2,112.7,106.3,104.1,100.6,97.2,92.5,90.9,93.4,96.3,102.1,101,101.9,103.1,104,105.1,107.7,109.2,110.8,111.5,110.4,110.5,110.1,110.1,108.5,105.5,108.3,109.8,109.4,105,111,107.1,106,103.2,99,99.3,97.3,97.3,97.4,96.5,95.6,94.7,95.1,93.8,94,91.7,93.6,99.4,102.3,90.8,90.9,88.8,88.7,90,87.1,86.9,85.3,89.9,90.4,90.2,89.1,94.5,91.6,93,91.7,90.5,92.1
1115300000,家具工業,59.1,108.4,109,110.6,106.9,112.4,107.5,105.4,107.5,106.7,108.5,109.6,111.8,107.6,110.8,107.2,109.1,109.7,111.4,113.8,114.5,114.2,109.3,104.8,107.5,108.1,104.7,104.8,97.9,88.5,95.7,98.6,97.5,97.4,101.6,98.5,100.1,103.7,103.2,102.8,104.8,105.2,105.7,102.8,100.2,103.1,100.2,100.6,99.6,98.4,98.4,97.9,101,99,104,102.2,103.6,101.9,101.4,107.3,102,98.7,98,95.8,98.2,98.4,98,92.9,97.3,95.7,97.4,98.3,98.3,96.7,96.4,96.1,95.5,98.2,96,97.9,96.1,97,100,97.6,97.2,98.6,97.4,93.5,92.4,98.7,95
1115301000,家具,59.1,108.4,109,110.6,106.9,112.4,107.5,105.4,107.5,106.7,108.5,109.6,111.8,107.6,110.8,107.2,109.1,109.7,111.4,113.8,114.5,114.2,109.3,104.8,107.5,108.1,104.7,104.8,97.9,88.5,95.7,98.6,97.5,97.4,101.6,98.5,100.1,103.7,103.2,102.8,104.8,105.2,105.7,102.8,100.2,103.1,100.2,100.6,99.6,98.4,98.4,97.9,101,99,104,102.2,103.6,101.9,101.4,107.3,102,98.7,98,95.8,98.2,98.4,98,92.9,97.3,95.7,97.4,98.3,98.3,96.7,96.4,96.1,95.5,98.2,96,97.9,96.1,97,100,97.6,97.2,98.6,97.4,93.5,92.4,98.7,95
1115400000,印刷業,182.5,115.5,115.8,114.5,113.8,115.3,114.8,114.3,113.8,113.7,113.2,115,112.6,112.5,116,113,112.9,112.4,113.1,111.8,112.8,112.9,106.9,105.8,105.5,106.7,104.5,104.3,98.1,91.8,93.7,97.2,97.9,99.3,101,101.6,101.3,101.6,101.1,100.6,100.9,99.8,100.8,101.8,99.6,97.4,98.3,98.6,99.1,98.2,98.3,98.5,99.6,98.2,98.6,97.8,97.9,97.8,97,96.8,96.8,96.9,95.9,98.2,94.5,93.2,91.7,92.3,90.2,91.7,90.6,90.8,90.1,88.4,88.1,87.4,87.3,89.9,88.9,89.6,88.4,87.7,87.7,87.5,88.5,85.1,88.8,86.2,85.3,90.1,87.3
1115401000,印刷,182.5,115.5,115.8,114.5,113.8,115.3,114.8,114.3,113.8,113.7,113.2,115,112.6,112.5,116,113,112.9,112.4,113.1,111.8,112.8,112.9,106.9,105.8,105.5,106.7,104.5,104.3,98.1,91.8,93.7,97.2,97.9,99.3,101,101.6,101.3,101.6,101.1,100.6,100.9,99.8,100.8,101.8,99.6,97.4,98.3,98.6,99.1,98.2,98.3,98.5,99.6,98.2,98.6,97.8,97.9,97.8,97,96.8,96.8,96.9,95.9,98.2,94.5,93.2,91.7,92.3,90.2,91.7,90.6,90.8,90.1,88.4,88.1,87.4,87.3,89.9,88.9,89.6,88.4,87.7,87.7,87.5,88.5,85.1,88.8,86.2,85.3,90.1,87.3
1115500000,ゴム製品工業,137.6,120.2,122.8,122.8,123.6,122.6,122.6,122,121.6,120.6,122.3,122.1,124.3,122.5,123.4,123.7,123.7,125.3,123,123.8,121,122.1,118,115.3,110.7,115.8,111,110.2,88.9,68.8,67.7,91,99.7,105.6,112.7,111.6,112.1,114.1,111.9,114.4,116.6,112.1,116.5,116.7,114.1,106.7,107.9,112.3,113.8,113.2,114.4,114.2,110.8,107.4,110.1,110.7,111.2,110.3,111.8,110.9,110.7,110.1,111.8,110.8,111.4,110.3,110.3,109.5,109.2,109.4,111.9,108.6,106.7,103.6,100.6,102,104.5,104.7,103.8,103.8,101.5,102.6,101.7,100.4,100.1,105.3,105.5,105.8,103.8,104,106.2
1115501000,ゴム製品,137.6,120.2,122.8,122.8,123.6,122.6,122.6,122,121.6,120.6,122.3,122.1,124.3,122.5,123.4,123.7,123.7,125.3,123,123.8,121,122.1,118,115.3,110.7,115.8,111,110.2,88.9,68.8,67.7,91,99.7,105.6,112.7,111.6,112.1,114.1,111.9,114.4,116.6,112.1,116.5,116.7,114.1,106.7,107.9,112.3,113.8,113.2,114.4,114.2,110.8,107.4,110.1,110.7,111.2,110.3,111.8,110.9,110.7,110.1,111.8,110.8,111.4,110.3,110.3,109.5,109.2,109.4,111.9,108.6,106.7,103.6,100.6,102,104.5,104.7,103.8,103.8,101.5,102.6,101.7,100.4,100.1,105.3,105.5,105.8,103.8,104,106.2
1115600000,その他製品工業,70.6,129.6,133,131.8,128.3,128.6,123.7,121.3,125.8,122.4,124.9,120.6,122.8,117.6,121.3,122,121.8,127.1,123.4,126.6,118.3,125.5,125.1,124,120.1,117.4,110.6,112.9,100.5,87.3,84.6,92.5,91.8,94.1,98.5,104.2,104.8,113.1,113.6,109.4,116.1,111.2,121,115.1,117.5,114.1,114.8,114.3,112.1,117.2,114,117.4,117.7,115.2,121.9,117.4,120.9,124.7,120.6,119.3,121.2,116.2,119.7,113.8,116.5,118.4,118.5,117.2,115,116.6,118.9,117.3,118.8,113,113.4,110.5,109.2,109.8,106.9,110.7,109.2,108.6,105.8,104.5,105,106.9,109.9,106.3,109.7,109.4,108.2
1115601000,時計,10.8,194.7,199,198.3,186.9,193.2,175,179.2,201.2,182.8,179.7,156.1,156.1,135.1,135.8,155.9,158.3,186,167.4,169,156.5,156.5,155.6,150.3,145.6,145.6,133.2,120,106.2,88.1,69,95.4,81.7,86.4,92.6,95,93.4,101,103.2,100.9,111,113.8,124.1,114.2,111.5,90.4,105.3,121.8,113.1,119.3,113.3,125.8,123.4,122.4,138.2,137.1,162.4,141.2,137,134.4,139,112.7,138.9,128.1,132.2,137.7,132.5,125.2,128.9,114.2,125,120.6,121,108.8,105.9,109.1,103.8,102.3,91.5,85.9,86.5,85.7,70.1,81,85.8,86.3,114.6,101.2,97.1,103.9,109.4
1115602000,楽器,9.1,112.1,123.4,121.1,122.6,123.6,121.5,122.1,125.8,121.5,129.4,126.7,129.6,119.1,127.1,128.8,130.6,134,126.4,130.2,130,130.1,126.7,126.2,126.4,127.3,116.4,125.6,78.9,43.8,81.3,91.4,96.1,99.2,107.3,115.7,112.7,116,115.6,110.9,112.5,110.7,116.6,112.6,118.4,115.8,113.2,114.6,111.3,113.7,115.4,116.1,116.9,110.2,112.1,117.3,112.8,118.7,117.7,113.8,117.8,113.3,121.4,121.3,106.1,122.9,121.1,119.5,115.8,115.4,116.6,115.1,128.8,104.7,112.2,118.6,105.7,107.5,102.9,99.9,101,95.5,96.5,95.7,91.4,90.7,86.2,92,97.7,95,94.5
1115603000,玩具,21.3,101.6,107,104.8,100,102.2,94.7,89.6,93.3,86.1,89.9,94.2,98.6,97.9,101.7,102,97.6,102.1,99.9,104.1,89.8,104.8,104.4,117.4,98.2,88.8,87.8,98.7,81.8,96,86.8,98.6,101,100.9,109,127.1,121.2,124.7,122.6,116.8,121.4,106.4,119.4,113.5,118.1,117.8,111.8,105.9,102.1,112.5,110.7,112.6,114.9,110.5,117.3,110.3,106.1,119.7,117.8,115.5,117,121.1,123.9,107.9,125,116.4,117.9,117.2,110.7,115.1,119.7,117.7,118.5,113.6,111.2,112.1,113,112.8,116.4,123.9,123,119.3,119.4,116.6,119.8,120.5,120.8,118.2,125.6,118.2,116.6
1115604000,文具,25.7,127.9,130.1,129.2,127.5,123.8,123.1,122.3,120.7,123.4,122.9,124.4,124.7,122.6,126.7,123.7,122.9,124.9,120.4,127.1,124.9,125.1,126.3,119.4,122.1,123.3,116.8,119.7,120.3,92.9,87.1,86.9,87.5,87.7,88.4,90.7,93,109.9,114.1,113.2,119.5,118.9,124.2,124.2,124.3,120.4,124.1,123.6,119.7,125.2,121.1,125.4,122,121.6,124.2,120.3,124,123.3,118.4,121.6,118.4,117.3,112.6,112.5,105.7,115,114.5,117.3,117.2,120.7,119.8,120.9,119.3,118,124.8,112,112.4,112.3,110.3,119.1,112.7,115.7,113.8,109.6,109.2,110.3,113.9,108.8,109.4,111,109.3
1115605000,皮革製品,3.7,144.4,144.5,142.3,141.5,145.3,141,137.5,140,136.4,137.6,136,137.3,129.6,137.6,129.9,133.6,126.1,127.8,129.1,125,124.9,124.4,127,124,121.7,124.6,118.7,110,96.8,90.9,98.3,88.9,90.9,88.5,84.9,83.6,99.7,93.1,90.5,87.7,89,90.1,92.4,89,87.9,84.9,87.7,89.6,91.9,90.5,93.1,94.2,93.9,95.6,93.4,95.6,96.5,98.1,99.3,97.8,94.3,96.4,96.7,96.3,95.6,96.4,94.9,94.5,91.7,92.4,93.4,93.2,88.1,88.7,87.5,91.1,87.7,90.4,88.6,87.3,86.6,86.3,89,88.1,85.8,90.8,86.9,86.3,86.8,84.4
1200000000,鉱業,16.5,113.6,108.2,111.7,113,113,114.7,112.8,112.8,112.8,108.5,111.3,110,108.7,107.7,106.8,108,109.1,106.1,111.6,103.8,104.3,103.6,101.7,101.2,103,103.2,102.2,101.6,97.6,98.5,96.5,100.1,93.7,101.5,98,100.7,98.7,97.8,100.9,100.2,100.7,99.3,100.8,97.9,99.4,98.9,97.5,98,97.5,97.4,95.7,94.6,98.1,99.5,94.7,94.8,92.1,93.3,92.7,90.6,91.2,90,88.3,87.7,89.3,90.7,89.1,86.3,89.4,86.8,88.5,86.8,82.5,85.9,85.3,84.6,87.1,86.2,85.1,83.9,84.6,83.8,83.3,84.1,84.1,79.1,83,84.7,81.2,78.7
4010000000,産業総合（鉱工業、電力・ガス・熱供給・水道事業）,10588.9,112.1,114.3,115.4,114,114.3,113.8,113.6,114,112.1,116.2,114.5,114.6,111.9,113.6,112.7,112.5,113.7,112.3,112.2,111.1,112.4,108.4,107.6,108,108.1,105.4,105.5,95.6,87.5,89.9,95,97.8,99.9,104.5,103.7,103.6,106.4,105.5,106.2,108.4,103.9,108.5,106.9,103.5,98.3,102.6,107.1,105.7,105,106.1,105.4,105,100,105.5,106,107.5,106.6,106.3,105.5,105.2,101.1,104.4,104.4,104.8,102.2,104.8,103.5,103.2,103.3,104.5,103.9,104.9,97.9,98,101.5,100.6,101.8,100.3,102.6,100.5,101.3,103,101.1,100.9,100,102.2,102.2,101.2,101,102.7
4010000001,産業総合（鉱工業、電力・ガス・熱供給）,10560.4,112.1,114.3,115.4,113.9,114.4,113.9,113.6,114.1,112.1,116.1,114.6,114.7,112.1,113.6,112.8,112.5,113.7,112.3,112.1,111.2,112.3,108.4,107.6,108,108.1,105.4,105.6,95.6,87.5,89.7,95,97.8,99.9,104.5,103.8,103.6,106.4,105.5,106.1,108.4,103.8,108.6,106.9,103.6,98.2,102.7,107.2,105.7,105,106.1,105.4,105,100,105.5,106,107.6,106.6,106.3,105.6,105.2,101.1,104.4,104.4,104.8,102.3,104.8,103.5,103.3,103.3,104.5,103.9,105,97.7,98.1,101.5,100.7,101.8,100.3,102.6,100.6,101.4,103,101.2,100.9,99.8,102.2,102.2,101.2,101,102.7
4010000100,電力・ガス・熱供給・水道事業,588.9,105.8,107.8,101.7,101.2,104.6,104.8,110.7,106.3,104,103.8,101.8,102.7,102.7,101.7,102.4,104.9,104.2,101.9,99,104.5,108.3,103.7,101.9,99.6,97.3,99.1,100.8,100.7,94.4,97.9,92.7,105.3,104.6,100.5,101.6,103.2,104.8,100,99.3,100.3,101.7,100.5,102.5,100.4,99.8,104.1,104.3,103.3,106.2,109.3,102.9,100.9,101.9,103.9,104.5,102.9,104.9,101.4,100,102.6,100,100.1,96.4,97.3,99.8,99.1,101.4,103.5,105.2,97.6,99.6,97.3,97,97.8,104.6,98.8,99.8,98.8,103.1,101.6,103.7,100.5,97.9,98.9,98.6,104.1,100.7,100.3,98.9,103.1
4010000110,電力・ガス・熱供給,560.4,106.1,108.1,101.8,101.2,104.9,105,111.2,106.6,104.2,104,101.9,102.9,102.8,101.8,102.5,105,104.4,102.1,99,104.7,108.5,104,102,99.6,97.3,99.1,100.8,100.7,94.3,97.7,92.4,105.4,104.7,100.6,101.6,103.3,105,100,99.3,100.2,101.8,100.7,102.7,100.6,99.7,104.4,104.6,103.5,106.5,109.8,103.1,101,102.1,104.1,104.8,103.2,105.2,101.4,100.1,102.8,100.1,100.2,96.3,97.2,99.8,99.2,101.5,103.6,105.4,97.5,99.6,97.2,97,97.8,104.9,98.8,99.9,98.8,103.3,101.8,103.7,100.6,97.8,98.9,98.5,104.3,100.8,100.5,98.9,103.3
4080000100,機械工業,4410.9,114.6,118.7,121.2,119.9,119.9,118,116.7,117.6,116.4,120.4,117.4,117.2,113.4,116.7,116.5,116,121,115.2,114.5,112.8,117,107.3,107.5,109,111.7,106.6,107.5,90.1,82.6,86.5,93.1,95.9,101.2,105.7,107,104.8,110.3,109.1,109.6,114.8,109.7,113.7,110.1,103.6,94.4,98.4,109.7,107.1,106.2,109.2,109.2,109.1,102.3,109.3,111.3,112.7,111.7,110.8,109.3,108.6,104.8,109.9,110.6,111.8,111.2,111.8,109,108.2,108.5,110.6,109.9,112.3,105,100.5,107.6,105.9,107.7,104.5,106.9,105.1,105.4,107.5,105.2,106.6,108.2,108.7,107.5,105.9,105.8,107.8
4080000200,非機械工業,5572.6,109.9,111.3,112.1,111.5,112.7,111.4,111.4,111.9,110.5,112.5,113,112.9,111.4,112.3,111.1,111.4,111.6,110.9,111.5,110.1,110.2,107.8,107.5,107,106.3,105.1,104.7,99.9,92.6,91.6,96.5,97.7,99.7,101.7,100.5,101.4,103.4,103.2,104.4,105.5,102.9,105.2,104.5,103.2,102.4,103.3,104.2,103.5,103.9,103.2,102.8,103.5,101.1,102.6,101.9,103.6,103.6,100.7,101.8,101.5,98.3,100.5,100.1,100.4,99.6,99.4,99.2,98.9,99.1,99.3,99,99.1,96,96.7,96.9,97,99.1,96.7,98.3,95.3,97,98.7,96.8,96,97.5,97.4,98.9,97.8,99.1,98.2
4110000000,<旧分類>はん用・生産用・業務用機械工業,1451.9,121.5,121.5,123.7,122.8,122.5,120.8,122.9,125.1,123.9,124.9,119.6,118.6,112.8,115.9,114.4,112.7,119.1,114.1,113.5,113.5,122.9,106.3,102.3,113.6,109.7,103.6,102.9,99.5,93.2,95.6,93.6,92.8,94.9,100.5,105.2,104.7,109.8,113.4,109.7,118.7,116.8,120.2,118.2,118.6,116.9,116.5,120.9,119.9,119.7,120.1,121,121.3,120.8,123.9,130.6,136.3,131.9,129.9,123.6,123.2,112.4,119,118,117.2,118.9,120.8,114.8,114.7,112.4,114.4,113.4,119.3,110.7,107.3,115.2,114.7,113.3,107.4,108.9,109.9,106,113.3,112.6,114.2,107.1,111.4,114.3,107.7,115.9,117.6
4100000100,<旧特掲>普通鋼鋼材,132.1,126.1,125.9,126.6,127.9,127.2,128.9,122.7,123.9,119.8,124.7,124.2,126.6,121.7,121,123.2,123.3,120.2,122,121.1,117.3,116.9,114.5,112.2,111.6,114.2,115.7,111,97.2,85.7,81.5,87.5,94.5,95.4,101.6,105.4,107.5,109.6,112.3,113.3,114.9,114.3,116.1,117.2,113.5,115.6,109.4,113.8,114.6,106.2,107.8,107.4,105.2,108.2,101.5,100.9,101.8,101.7,104.4,101.7,100.6,100.5,102.5,103.8,102.6,105.2,103.7,105.5,101.8,101.3,101.6,100,100.7,101.4,100.1,99.1,99.4,99,98.2,99,96.6,98.7,96.9,95.8,98.7,98.1,96.3,95.7,99.4,95.2,97
4100000200,<旧特掲>特殊鋼鋼材,62.4,138.8,142,141.1,142.7,141.4,141.5,134.4,138.6,132.5,138.3,138.6,138.6,135.2,135.5,136.5,132.8,131.9,133,132.7,126.4,125.6,121.6,126.1,123.2,122.5,119.8,118.6,97.7,76.5,70.1,74.4,87.1,94.1,108.1,111,117.1,120.9,124,125.9,127,122.8,126.9,128.2,126.9,123.4,117.9,120.1,119.5,118.8,118.6,116.2,116.4,113.2,108.4,109.4,113,113.6,111.3,114.8,108.7,105.5,106.6,106.2,100.9,108.6,109.3,109.9,107.7,109.4,105.7,108.4,106.1,107.7,106.1,101.4,101.9,103.8,104.1,106.5,101.4,103.3,103.3,101,102.8,102.9,103.6,100.2,102.4,103.4,103.2
4100000300,<旧特掲>乗用車・トラック,763.6,114.5,126.6,128.8,127.2,122,122.8,113.3,119.5,119.2,122.8,124.1,127.1,124.3,128.4,128.1,129,135.2,125.4,124.1,120.9,118.6,109,116.2,112.5,121.5,113.2,113.5,68.1,52.8,68,92.3,99.6,111,117.3,114.7,112.1,116.7,105.7,116.9,115.5,93.3,111.6,105.9,86.9,60.1,74.2,107.6,107.9,93.7,103.1,98.6,97.5,73.7,99.5,103,100.7,103.5,100,106.5,105.7,104,110,115.7,116.7,111.8,114.4,115.2,111.8,117.4,117,119.1,120.1,99.9,95.9,103.4,103.4,110.3,108.1,108,100.4,108.2,112.4,106.5,107.4,114.3,115.5,105.8,105.5,110.7,107.9
4100000400,<旧特掲>石油化学製品,311.8,118.1,117.7,116,116.5,112.2,102.5,114.6,110.6,110.9,113.6,116.9,114.4,117,114.2,118.4,116.6,116.9,117.5,115.1,115.1,113.6,112.4,110.4,110.8,106.4,111.9,99.3,100,94.9,88.4,96.5,100.4,100.5,99.6,98.6,98.7,102.7,104.8,110.8,111.3,113.5,110.3,104.9,106.1,115.7,109.1,109.6,110.2,102.9,101.9,95.3,96.9,100.3,100.7,102.2,101,94.4,94.8,91.7,92,92.2,91.7,89.8,95.5,88.2,86.3,85.1,85.8,85.2,83.7,85.8,84.3,86.5,83.1,83,84.4,81.5,78.1,82.6,74.9,82.5,82.4,81.2,82.7,84,78.9,86.6,88.8,79.8,80.7
